region,technology,year,value,unit,source
Canada,Hydro,2005,72.889831,Gwa,https://open.canada.ca/data/en/dataset/2cdf43fc-d4aa-4604-9f21-29777d955810
Canada,Wind,2005,0.55737,Gwa,
Canada,Biomass,2005,1.8040882,Gwa,
Canada,Solar,2005,0.01675,Gwa,
Canada,Nuclear,2005,12.805,Gwa,
Canada,Coal,2005,16.00264,Gwa,
Canada,Natural Gas,2005,13.19061,Gwa,
Canada,Fuel Oil and Diesel,2005,4.79476,Gwa,
Canada,Hydro,2006,72.779831,Gwa,
Canada,Wind,2006,1.44304,Gwa,
Canada,Biomass,2006,1.8106882,Gwa,
Canada,Solar,2006,0.02048,Gwa,
Canada,Nuclear,2006,13.345,Gwa,
Canada,Coal,2006,15.91864,Gwa,
Canada,Natural Gas,2006,13.50029,Gwa,
Canada,Fuel Oil and Diesel,2006,4.70479,Gwa,
Canada,Hydro,2007,73.580831,Gwa,
Canada,Wind,2007,1.82324,Gwa,
Canada,Biomass,2007,1.8106882,Gwa,
Canada,Solar,2007,0.02577,Gwa,
Canada,Nuclear,2007,13.345,Gwa,
Canada,Coal,2007,16.00564,Gwa,
Canada,Natural Gas,2007,13.59066,Gwa,
Canada,Fuel Oil and Diesel,2007,4.83079,Gwa,
Canada,Hydro,2008,74.483831,Gwa,
Canada,Wind,2008,2.32114,Gwa,
Canada,Biomass,2008,1.7346882,Gwa,
Canada,Solar,2008,0.03272,Gwa,
Canada,Nuclear,2008,13.345,Gwa,
Canada,Coal,2008,15.74364,Gwa,
Canada,Natural Gas,2008,15.42816,Gwa,
Canada,Fuel Oil and Diesel,2008,4.80274,Gwa,
Canada,Hydro,2009,74.765831,Gwa,
Canada,Wind,2009,3.24014,Gwa,
Canada,Biomass,2009,1.8037882,Gwa,
Canada,Solar,2009,0.09457,Gwa,
Canada,Nuclear,2009,13.345,Gwa,
Canada,Coal,2009,15.80064,Gwa,
Canada,Natural Gas,2009,15.55639,Gwa,
Canada,Fuel Oil and Diesel,2009,4.70608,Gwa,
Canada,Hydro,2010,75.160831,Gwa,
Canada,Wind,2010,3.74614,Gwa,
Canada,Biomass,2010,1.8687882,Gwa,
Canada,Solar,2010,0.28113,Gwa,
Canada,Nuclear,2010,13.345,Gwa,
Canada,Coal,2010,13.92364,Gwa,
Canada,Natural Gas,2010,18.81481,Gwa,
Canada,Fuel Oil and Diesel,2010,4.76007,Gwa,
Canada,Hydro,2011,75.476681,Gwa,
Canada,Wind,2011,5.17134,Gwa,
Canada,Biomass,2011,1.8982852,Gwa,
Canada,Solar,2011,0.4194,Gwa,
Canada,Nuclear,2011,13.345,Gwa,
Canada,Coal,2011,13.60864,Gwa,
Canada,Natural Gas,2011,18.960945,Gwa,
Canada,Fuel Oil and Diesel,2011,4.26507,Gwa,
Canada,Hydro,2012,76.531981,Gwa,
Canada,Wind,2012,6.03764,Gwa,
Canada,Biomass,2012,1.9533852,Gwa,
Canada,Solar,2012,0.647481,Gwa,
Canada,Nuclear,2012,13.345,Gwa,
Canada,Coal,2012,12.56364,Gwa,
Canada,Natural Gas,2012,19.785945,Gwa,
Canada,Fuel Oil and Diesel,2012,4.26507,Gwa,
Canada,Hydro,2013,76.003281,Gwa,
Canada,Wind,2013,7.68361,Gwa,
Canada,Biomass,2013,1.9822342,Gwa,
Canada,Solar,2013,1.027628,Gwa,
Canada,Nuclear,2013,14.345,Gwa,
Canada,Coal,2013,12.02464,Gwa,
Canada,Natural Gas,2013,19.935085,Gwa,
Canada,Fuel Oil and Diesel,2013,4.26907,Gwa,
Canada,Hydro,2014,78.576701,Gwa,
Canada,Wind,2014,9.62159,Gwa,
Canada,Biomass,2014,2.4373282,Gwa,
Canada,Solar,2014,1.523478,Gwa,
Canada,Nuclear,2014,14.273,Gwa,
Canada,Coal,2014,9.78564,Gwa,
Canada,Natural Gas,2014,20.10701,Gwa,
Canada,Fuel Oil and Diesel,2014,3.785765,Gwa,
Canada,Hydro,2015,79.43406,Gwa,
Canada,Wind,2015,11.07219,Gwa,
Canada,Biomass,2015,2.4140282,Gwa,
Canada,Solar,2015,2.135478,Gwa,
Canada,Nuclear,2015,14.273,Gwa,
Canada,Coal,2015,9.66144,Gwa,
Canada,Natural Gas,2015,22.00637,Gwa,
Canada,Fuel Oil and Diesel,2015,3.841765,Gwa,
Canada,Hydro,2016,80.40311,Gwa,
Canada,Wind,2016,11.9024,Gwa,
Canada,Biomass,2016,2.70229,Gwa,
Canada,Solar,2016,2.309538,Gwa,
Canada,Nuclear,2016,14.273,Gwa,
Canada,Coal,2016,9.66144,Gwa,
Canada,Natural Gas,2016,21.49942,Gwa,
Canada,Fuel Oil and Diesel,2016,3.836755,Gwa,
BC,Hydro,2005,12.847,Gwa,
BC,Wind,2005,0,Gwa,
BC,Biomass,2005,0.811,Gwa,
BC,Solar,2005,0,Gwa,
BC,Nuclear,2005,0,Gwa,
BC,Coal,2005,0,Gwa,
BC,Natural Gas,2005,1.32,Gwa,
BC,Oil and Diesel,2005,0.08246,Gwa,
BC,Hydro,2006,12.614,Gwa,
BC,Wind,2006,0,Gwa,
BC,Biomass,2006,0.811,Gwa,
BC,Solar,2006,0,Gwa,
BC,Nuclear,2006,0,Gwa,
BC,Coal,2006,0,Gwa,
BC,Natural Gas,2006,1.425,Gwa,
BC,Oil and Diesel,2006,0.08246,Gwa,
BC,Hydro,2007,12.661,Gwa,
BC,Wind,2007,0,Gwa,
BC,Biomass,2007,0.811,Gwa,
BC,Solar,2007,0,Gwa,
BC,Nuclear,2007,0,Gwa,
BC,Coal,2007,0,Gwa,
BC,Natural Gas,2007,1.425,Gwa,
BC,Oil and Diesel,2007,0.08246,Gwa,
BC,Hydro,2008,12.733,Gwa,
BC,Wind,2008,0,Gwa,
BC,Biomass,2008,0.811,Gwa,
BC,Solar,2008,0,Gwa,
BC,Nuclear,2008,0,Gwa,
BC,Coal,2008,0,Gwa,
BC,Natural Gas,2008,1.425,Gwa,
BC,Oil and Diesel,2008,0.08246,Gwa,
BC,Hydro,2009,12.858,Gwa,
BC,Wind,2009,0.102,Gwa,
BC,Biomass,2009,0.811,Gwa,
BC,Solar,2009,0,Gwa,
BC,Nuclear,2009,0,Gwa,
BC,Coal,2009,0,Gwa,
BC,Natural Gas,2009,1.425,Gwa,
BC,Oil and Diesel,2009,0.08246,Gwa,
BC,Hydro,2010,13.202,Gwa,
BC,Wind,2010,0.102,Gwa,
BC,Biomass,2010,0.859,Gwa,
BC,Solar,2010,0,Gwa,
BC,Nuclear,2010,0,Gwa,
BC,Coal,2010,0,Gwa,
BC,Natural Gas,2010,1.425,Gwa,
BC,Oil and Diesel,2010,0.08246,Gwa,
BC,Hydro,2011,13.673,Gwa,
BC,Wind,2011,0.246,Gwa,
BC,Biomass,2011,0.86,Gwa,
BC,Solar,2011,0,Gwa,
BC,Nuclear,2011,0,Gwa,
BC,Coal,2011,0,Gwa,
BC,Natural Gas,2011,1.425,Gwa,
BC,Oil and Diesel,2011,0.08246,Gwa,
BC,Hydro,2012,13.673,Gwa,
BC,Wind,2012,0.246,Gwa,
BC,Biomass,2012,0.86,Gwa,
BC,Solar,2012,0,Gwa,
BC,Nuclear,2012,0,Gwa,
BC,Coal,2012,0,Gwa,
BC,Natural Gas,2012,1.425,Gwa,
BC,Oil and Diesel,2012,0.08246,Gwa,
BC,Hydro,2013,13.687,Gwa,
BC,Wind,2013,0.388,Gwa,
BC,Biomass,2013,0.886,Gwa,
BC,Solar,2013,0.002281,Gwa,
BC,Nuclear,2013,0,Gwa,
BC,Coal,2013,0,Gwa,
BC,Natural Gas,2013,1.474,Gwa,
BC,Oil and Diesel,2013,0.08246,Gwa,
BC,Hydro,2014,14.207,Gwa,
BC,Wind,2014,0.488,Gwa,
BC,Biomass,2014,0.886,Gwa,
BC,Solar,2014,0.002281,Gwa,
BC,Nuclear,2014,0,Gwa,
BC,Coal,2014,0,Gwa,
BC,Natural Gas,2014,1.474,Gwa,
BC,Oil and Diesel,2014,0.08246,Gwa,
BC,Hydro,2015,15.029,Gwa,
BC,Wind,2015,0.488,Gwa,
BC,Biomass,2015,0.886,Gwa,
BC,Solar,2015,0.003281,Gwa,
BC,Nuclear,2015,0,Gwa,
BC,Coal,2015,0,Gwa,
BC,Natural Gas,2015,1.474,Gwa,
BC,Oil and Diesel,2015,0.08246,Gwa,
BC,Hydro,2016,15.70887,Gwa,
BC,Wind,2016,0.48825,Gwa,
BC,Biomass,2016,0.90677,Gwa,
BC,Solar,2016,0.003281,Gwa,
BC,Nuclear,2016,0,Gwa,
BC,Coal,2016,0,Gwa,
BC,Natural Gas,2016,0.53033,Gwa,
BC,Oil and Diesel,2016,0.08246,Gwa,
AB,Hydro,2005,0.869,Gwa,
AB,Wind,2005,0.251,Gwa,
AB,Biomass,2005,0.271,Gwa,
AB,Solar,2005,0,Gwa,
AB,Nuclear,2005,0,Gwa,
AB,Coal,2005,5.84,Gwa,
AB,Natural Gas,2005,4.77,Gwa,
AB,Oil and Diesel,2005,0.00715,Gwa,
AB,Hydro,2006,0.874,Gwa,
AB,Wind,2006,0.386,Gwa,
AB,Biomass,2006,0.3131,Gwa,
AB,Solar,2006,0,Gwa,
AB,Nuclear,2006,0,Gwa,
AB,Coal,2006,5.864,Gwa,
AB,Natural Gas,2006,4.325,Gwa,
AB,Oil and Diesel,2006,0.00715,Gwa,
AB,Hydro,2007,0.874,Gwa,
AB,Wind,2007,0.525,Gwa,
AB,Biomass,2007,0.3131,Gwa,
AB,Solar,2007,0,Gwa,
AB,Nuclear,2007,0,Gwa,
AB,Coal,2007,5.918,Gwa,
AB,Natural Gas,2007,4.425,Gwa,
AB,Oil and Diesel,2007,0.00715,Gwa,
AB,Hydro,2008,0.874,Gwa,
AB,Wind,2008,0.525,Gwa,
AB,Biomass,2008,0.3131,Gwa,
AB,Solar,2008,0,Gwa,
AB,Nuclear,2008,0,Gwa,
AB,Coal,2008,5.918,Gwa,
AB,Natural Gas,2008,4.823,Gwa,
AB,Oil and Diesel,2008,0.00715,Gwa,
AB,Hydro,2009,0.874,Gwa,
AB,Wind,2009,0.591,Gwa,
AB,Biomass,2009,0.3232,Gwa,
AB,Solar,2009,0,Gwa,
AB,Nuclear,2009,0,Gwa,
AB,Coal,2009,5.971,Gwa,
AB,Natural Gas,2009,5.139,Gwa,
AB,Oil and Diesel,2009,0.00715,Gwa,
AB,Hydro,2010,0.874,Gwa,
AB,Wind,2010,0.723,Gwa,
AB,Biomass,2010,0.3402,Gwa,
AB,Solar,2010,0,Gwa,
AB,Nuclear,2010,0,Gwa,
AB,Coal,2010,5.735,Gwa,
AB,Natural Gas,2010,5.218,Gwa,
AB,Oil and Diesel,2010,0.00715,Gwa,
AB,Hydro,2011,0.879,Gwa,
AB,Wind,2011,0.865,Gwa,
AB,Biomass,2011,0.358697,Gwa,
AB,Solar,2011,0,Gwa,
AB,Nuclear,2011,0,Gwa,
AB,Coal,2011,5.632,Gwa,
AB,Natural Gas,2011,5.251,Gwa,
AB,Oil and Diesel,2011,0.00715,Gwa,
AB,Hydro,2012,0.894,Gwa,
AB,Wind,2012,1.088,Gwa,
AB,Biomass,2012,0.413797,Gwa,
AB,Solar,2012,0.002181,Gwa,
AB,Nuclear,2012,0,Gwa,
AB,Coal,2012,5.69,Gwa,
AB,Natural Gas,2012,5.683,Gwa,
AB,Oil and Diesel,2012,0.00715,Gwa,
AB,Hydro,2013,0.894,Gwa,
AB,Wind,2013,1.088,Gwa,
AB,Biomass,2013,0.416646,Gwa,
AB,Solar,2013,0.004466,Gwa,
AB,Nuclear,2013,0,Gwa,
AB,Coal,2013,6.258,Gwa,
AB,Natural Gas,2013,5.811,Gwa,
AB,Oil and Diesel,2013,0.00715,Gwa,
AB,Hydro,2014,0.894,Gwa,
AB,Wind,2014,1.434,Gwa,
AB,Biomass,2014,0.4383,Gwa,
AB,Solar,2014,0.004466,Gwa,
AB,Nuclear,2014,0,Gwa,
AB,Coal,2014,6.258,Gwa,
AB,Natural Gas,2014,6.161,Gwa,
AB,Oil and Diesel,2014,0.00715,Gwa,
AB,Hydro,2015,0.894,Gwa,
AB,Wind,2015,1.463,Gwa,
AB,Biomass,2015,0.428,Gwa,
AB,Solar,2015,0.004466,Gwa,
AB,Nuclear,2015,0,Gwa,
AB,Coal,2015,6.2868,Gwa,
AB,Natural Gas,2015,7.214,Gwa,
AB,Oil and Diesel,2015,0.00715,Gwa,
AB,Hydro,2016,0.89435,Gwa,
AB,Wind,2016,1.46676,Gwa,
AB,Biomass,2016,0.428,Gwa,
AB,Solar,2016,0.004466,Gwa,
AB,Nuclear,2016,0,Gwa,
AB,Coal,2016,6.2868,Gwa,
AB,Natural Gas,2016,7.51915,Gwa,
AB,Oil and Diesel,2016,0.00715,Gwa,
SK,Hydro,2005,0.86381,Gwa,
SK,Wind,2005,0.01586,Gwa,
SK,Biomass,2005,0,Gwa,
SK,Solar,2005,0,Gwa,
SK,Nuclear,2005,0,Gwa,
SK,Coal,2005,1.799,Gwa,
SK,Natural Gas,2005,1.05345,Gwa,
SK,Oil and Diesel,2005,0.00117,Gwa,
SK,Hydro,2006,0.86381,Gwa,
SK,Wind,2006,0.17118,Gwa,
SK,Biomass,2006,0,Gwa,
SK,Solar,2006,0,Gwa,
SK,Nuclear,2006,0,Gwa,
SK,Coal,2006,1.799,Gwa,
SK,Natural Gas,2006,1.05345,Gwa,
SK,Oil and Diesel,2006,0.00117,Gwa,
SK,Hydro,2007,0.86381,Gwa,
SK,Wind,2007,0.17118,Gwa,
SK,Biomass,2007,0,Gwa,
SK,Solar,2007,0,Gwa,
SK,Nuclear,2007,0,Gwa,
SK,Coal,2007,1.822,Gwa,
SK,Natural Gas,2007,1.05345,Gwa,
SK,Oil and Diesel,2007,0.00117,Gwa,
SK,Hydro,2008,0.86381,Gwa,
SK,Wind,2008,0.17118,Gwa,
SK,Biomass,2008,0,Gwa,
SK,Solar,2008,0,Gwa,
SK,Nuclear,2008,0,Gwa,
SK,Coal,2008,1.822,Gwa,
SK,Natural Gas,2008,1.05345,Gwa,
SK,Oil and Diesel,2008,0.00117,Gwa,
SK,Hydro,2009,0.86381,Gwa,
SK,Wind,2009,0.17118,Gwa,
SK,Biomass,2009,0,Gwa,
SK,Solar,2009,0,Gwa,
SK,Nuclear,2009,0,Gwa,
SK,Coal,2009,1.826,Gwa,
SK,Natural Gas,2009,1.14645,Gwa,
SK,Oil and Diesel,2009,0.00117,Gwa,
SK,Hydro,2010,0.86381,Gwa,
SK,Wind,2010,0.17118,Gwa,
SK,Biomass,2010,0,Gwa,
SK,Solar,2010,0,Gwa,
SK,Nuclear,2010,0,Gwa,
SK,Coal,2010,1.826,Gwa,
SK,Natural Gas,2010,1.39395,Gwa,
SK,Oil and Diesel,2010,0.00117,Gwa,
SK,Hydro,2011,0.86381,Gwa,
SK,Wind,2011,0.19668,Gwa,
SK,Biomass,2011,0,Gwa,
SK,Solar,2011,0,Gwa,
SK,Nuclear,2011,0,Gwa,
SK,Coal,2011,1.826,Gwa,
SK,Natural Gas,2011,1.39395,Gwa,
SK,Oil and Diesel,2011,0.00117,Gwa,
SK,Hydro,2012,0.86381,Gwa,
SK,Wind,2012,0.19668,Gwa,
SK,Biomass,2012,0,Gwa,
SK,Solar,2012,0,Gwa,
SK,Nuclear,2012,0,Gwa,
SK,Coal,2012,1.702,Gwa,
SK,Natural Gas,2012,1.39395,Gwa,
SK,Oil and Diesel,2012,0.00117,Gwa,
SK,Hydro,2013,0.86381,Gwa,
SK,Wind,2013,0.19668,Gwa,
SK,Biomass,2013,0,Gwa,
SK,Solar,2013,0,Gwa,
SK,Nuclear,2013,0,Gwa,
SK,Coal,2013,1.636,Gwa,
SK,Natural Gas,2013,1.328,Gwa,
SK,Oil and Diesel,2013,0.00117,Gwa,
SK,Hydro,2014,0.86381,Gwa,
SK,Wind,2014,0.19668,Gwa,
SK,Biomass,2014,0.002,Gwa,
SK,Solar,2014,0.004,Gwa,
SK,Nuclear,2014,0,Gwa,
SK,Coal,2014,1.535,Gwa,
SK,Natural Gas,2014,1.48,Gwa,
SK,Oil and Diesel,2014,0.016955,Gwa,
SK,Hydro,2015,0.88906,Gwa,
SK,Wind,2015,0.22118,Gwa,
SK,Biomass,2015,0.002,Gwa,
SK,Solar,2015,0.004,Gwa,
SK,Nuclear,2015,0,Gwa,
SK,Coal,2015,1.535,Gwa,
SK,Natural Gas,2015,1.70996,Gwa,
SK,Oil and Diesel,2015,0.016955,Gwa,
SK,Hydro,2016,0.88906,Gwa,
SK,Wind,2016,0.22118,Gwa,
SK,Biomass,2016,0.036,Gwa,
SK,Solar,2016,0.004,Gwa,
SK,Nuclear,2016,0,Gwa,
SK,Coal,2016,1.535,Gwa,
SK,Natural Gas,2016,1.85996,Gwa,
SK,Oil and Diesel,2016,0.016955,Gwa,
MB,Hydro,2005,5.05363,Gwa,
MB,Wind,2005,0.02,Gwa,
MB,Biomass,2005,0.022,Gwa,
MB,Solar,2005,0,Gwa,
MB,Nuclear,2005,0,Gwa,
MB,Coal,2005,0.09764,Gwa,
MB,Natural Gas,2005,0.368,Gwa,
MB,Oil and Diesel,2005,0.03238,Gwa,
MB,Hydro,2006,5.05363,Gwa,
MB,Wind,2006,0.10395,Gwa,
MB,Biomass,2006,0.022,Gwa,
MB,Solar,2006,0,Gwa,
MB,Nuclear,2006,0,Gwa,
MB,Coal,2006,0.09764,Gwa,
MB,Natural Gas,2006,0.368,Gwa,
MB,Oil and Diesel,2006,0.032,Gwa,
MB,Hydro,2007,5.05363,Gwa,
MB,Wind,2007,0.10395,Gwa,
MB,Biomass,2007,0.022,Gwa,
MB,Solar,2007,0,Gwa,
MB,Nuclear,2007,0,Gwa,
MB,Coal,2007,0.09764,Gwa,
MB,Natural Gas,2007,0.368,Gwa,
MB,Oil and Diesel,2007,0.032,Gwa,
MB,Hydro,2008,5.05363,Gwa,
MB,Wind,2008,0.10395,Gwa,
MB,Biomass,2008,0.022,Gwa,
MB,Solar,2008,0,Gwa,
MB,Nuclear,2008,0,Gwa,
MB,Coal,2008,0.09764,Gwa,
MB,Natural Gas,2008,0.368,Gwa,
MB,Oil and Diesel,2008,0.032,Gwa,
MB,Hydro,2009,5.05363,Gwa,
MB,Wind,2009,0.10395,Gwa,
MB,Biomass,2009,0.022,Gwa,
MB,Solar,2009,0,Gwa,
MB,Nuclear,2009,0,Gwa,
MB,Coal,2009,0.09764,Gwa,
MB,Natural Gas,2009,0.368,Gwa,
MB,Oil and Diesel,2009,0.032,Gwa,
MB,Hydro,2010,5.05363,Gwa,
MB,Wind,2010,0.10395,Gwa,
MB,Biomass,2010,0.022,Gwa,
MB,Solar,2010,0,Gwa,
MB,Nuclear,2010,0,Gwa,
MB,Coal,2010,0.09764,Gwa,
MB,Natural Gas,2010,0.368,Gwa,
MB,Oil and Diesel,2010,0.032,Gwa,
MB,Hydro,2011,5.05363,Gwa,
MB,Wind,2011,0.24195,Gwa,
MB,Biomass,2011,0.022,Gwa,
MB,Solar,2011,0,Gwa,
MB,Nuclear,2011,0,Gwa,
MB,Coal,2011,0.09764,Gwa,
MB,Natural Gas,2011,0.368,Gwa,
MB,Oil and Diesel,2011,0.032,Gwa,
MB,Hydro,2012,5.05363,Gwa,
MB,Wind,2012,0.25845,Gwa,
MB,Biomass,2012,0.022,Gwa,
MB,Solar,2012,0,Gwa,
MB,Nuclear,2012,0,Gwa,
MB,Coal,2012,0.09764,Gwa,
MB,Natural Gas,2012,0.368,Gwa,
MB,Oil and Diesel,2012,0.032,Gwa,
MB,Hydro,2013,5.25463,Gwa,
MB,Wind,2013,0.25845,Gwa,
MB,Biomass,2013,0.022,Gwa,
MB,Solar,2013,0.001,Gwa,
MB,Nuclear,2013,0,Gwa,
MB,Coal,2013,0.09764,Gwa,
MB,Natural Gas,2013,0.368,Gwa,
MB,Oil and Diesel,2013,0.032,Gwa,
MB,Hydro,2014,5.31305,Gwa,
MB,Wind,2014,0.25845,Gwa,
MB,Biomass,2014,0.022,Gwa,
MB,Solar,2014,0.002,Gwa,
MB,Nuclear,2014,0,Gwa,
MB,Coal,2014,0.09764,Gwa,
MB,Natural Gas,2014,0.40261,Gwa,
MB,Oil and Diesel,2014,0.01,Gwa,
MB,Hydro,2015,5.349159,Gwa,
MB,Wind,2015,0.25845,Gwa,
MB,Biomass,2015,0.022,Gwa,
MB,Solar,2015,0.003,Gwa,
MB,Nuclear,2015,0,Gwa,
MB,Coal,2015,0.09764,Gwa,
MB,Natural Gas,2015,0.40261,Gwa,
MB,Oil and Diesel,2015,0.01,Gwa,
MB,Hydro,2016,5.349159,Gwa,
MB,Wind,2016,0.25845,Gwa,
MB,Biomass,2016,0.022,Gwa,
MB,Solar,2016,0.004,Gwa,
MB,Nuclear,2016,0,Gwa,
MB,Coal,2016,0.09764,Gwa,
MB,Natural Gas,2016,0.40261,Gwa,
MB,Oil and Diesel,2016,0.00493,Gwa,
ON,Hydro,2005,8.505,Gwa,
ON,Wind,2005,0.015,Gwa,
ON,Biomass,2005,0.209,Gwa,
ON,Solar,2005,0.01675,Gwa,
ON,Nuclear,2005,11.45,Gwa,
ON,Coal,2005,6.437,Gwa,
ON,Natural Gas,2005,4.78911,Gwa,
ON,Oil and Diesel,2005,0.11581,Gwa,
ON,Hydro,2006,8.41,Gwa,
ON,Wind,2006,0.414,Gwa,
ON,Biomass,2006,0.176,Gwa,
ON,Solar,2006,0.02048,Gwa,
ON,Nuclear,2006,11.99,Gwa,
ON,Coal,2006,6.329,Gwa,
ON,Natural Gas,2006,4.87879,Gwa,
ON,Oil and Diesel,2006,0.11581,Gwa,
ON,Hydro,2007,8.41,Gwa,
ON,Wind,2007,0.491,Gwa,
ON,Biomass,2007,0.176,Gwa,
ON,Solar,2007,0.02577,Gwa,
ON,Nuclear,2007,11.99,Gwa,
ON,Coal,2007,6.339,Gwa,
ON,Natural Gas,2007,4.87696,Gwa,
ON,Oil and Diesel,2007,0.11581,Gwa,
ON,Hydro,2008,8.416,Gwa,
ON,Wind,2008,0.782,Gwa,
ON,Biomass,2008,0.148,Gwa,
ON,Solar,2008,0.03272,Gwa,
ON,Nuclear,2008,11.99,Gwa,
ON,Coal,2008,6.077,Gwa,
ON,Natural Gas,2008,6.31646,Gwa,
ON,Oil and Diesel,2008,0.11581,Gwa,
ON,Hydro,2009,8.424,Gwa,
ON,Wind,2009,1.168,Gwa,
ON,Biomass,2009,0.207,Gwa,
ON,Solar,2009,0.09457,Gwa,
ON,Nuclear,2009,11.99,Gwa,
ON,Coal,2009,6.077,Gwa,
ON,Natural Gas,2009,5.97669,Gwa,
ON,Oil and Diesel,2009,0.11581,Gwa,
ON,Hydro,2010,8.463,Gwa,
ON,Wind,2010,1.447,Gwa,
ON,Biomass,2010,0.207,Gwa,
ON,Solar,2010,0.28113,Gwa,
ON,Nuclear,2010,11.99,Gwa,
ON,Coal,2010,4.487,Gwa,
ON,Natural Gas,2010,8.95761,Gwa,
ON,Oil and Diesel,2010,0.24932,Gwa,
ON,Hydro,2011,8.524,Gwa,
ON,Wind,2011,1.97,Gwa,
ON,Biomass,2011,0.207,Gwa,
ON,Solar,2011,0.4194,Gwa,
ON,Nuclear,2011,11.99,Gwa,
ON,Coal,2011,4.275,Gwa,
ON,Natural Gas,2011,8.969745,Gwa,
ON,Oil and Diesel,2011,0.24932,Gwa,
ON,Hydro,2012,8.524,Gwa,
ON,Wind,2012,2.053,Gwa,
ON,Biomass,2012,0.207,Gwa,
ON,Solar,2012,0.6453,Gwa,
ON,Nuclear,2012,11.99,Gwa,
ON,Coal,2012,3.296,Gwa,
ON,Natural Gas,2012,9.362745,Gwa,
ON,Oil and Diesel,2012,0.24932,Gwa,
ON,Hydro,2013,8.565,Gwa,
ON,Wind,2013,2.491,Gwa,
ON,Biomass,2013,0.207,Gwa,
ON,Solar,2013,1.0187,Gwa,
ON,Nuclear,2013,13.64,Gwa,
ON,Coal,2013,2.291,Gwa,
ON,Natural Gas,2013,9.400745,Gwa,
ON,Oil and Diesel,2013,0.24932,Gwa,
ON,Hydro,2014,8.972,Gwa,
ON,Wind,2014,3.49,Gwa,
ON,Biomass,2014,0.592,Gwa,
ON,Solar,2014,1.5094,Gwa,
ON,Nuclear,2014,13.568,Gwa,
ON,Coal,2014,0.153,Gwa,
ON,Natural Gas,2014,9.03606,Gwa,
ON,Oil and Diesel,2014,0.25045,Gwa,
ON,Hydro,2015,8.768,Gwa,
ON,Wind,2015,4.374,Gwa,
ON,Biomass,2015,0.574,Gwa,
ON,Solar,2015,2.119,Gwa,
ON,Nuclear,2015,13.568,Gwa,
ON,Coal,2015,0,Gwa,
ON,Natural Gas,2015,9.64806,Gwa,
ON,Oil and Diesel,2015,0.25045,Gwa,
ON,Hydro,2016,8.87188,Gwa,
ON,Wind,2016,4.84145,Gwa,
ON,Biomass,2016,0.76212,Gwa,
ON,Solar,2016,2.29146,Gwa,
ON,Nuclear,2016,13.568,Gwa,
ON,Coal,2016,0,Gwa,
ON,Natural Gas,2016,9.62963,Gwa,
ON,Oil and Diesel,2016,0.25045,Gwa,
QC,Hydro,2005,36.473,Gwa,
QC,Wind,2005,0.207,Gwa,
QC,Biomass,2005,0.278,Gwa,
QC,Solar,2005,0,Gwa,
QC,Nuclear,2005,0.675,Gwa,
QC,Coal,2005,0,Gwa,
QC,Natural Gas,2005,0.03105,Gwa,
QC,Oil and Diesel,2005,1.59463,Gwa,
QC,Hydro,2006,36.686,Gwa,
QC,Wind,2006,0.317,Gwa,
QC,Biomass,2006,0.278,Gwa,
QC,Solar,2006,0,Gwa,
QC,Nuclear,2006,0.675,Gwa,
QC,Coal,2006,0,Gwa,
QC,Natural Gas,2006,0.59105,Gwa,
QC,Oil and Diesel,2006,1.54404,Gwa,
QC,Hydro,2007,37.44,Gwa,
QC,Wind,2007,0.417,Gwa,
QC,Biomass,2007,0.278,Gwa,
QC,Solar,2007,0,Gwa,
QC,Nuclear,2007,0.675,Gwa,
QC,Coal,2007,0,Gwa,
QC,Natural Gas,2007,0.59105,Gwa,
QC,Oil and Diesel,2007,1.66504,Gwa,
QC,Hydro,2008,38.265,Gwa,
QC,Wind,2008,0.527,Gwa,
QC,Biomass,2008,0.23,Gwa,
QC,Solar,2008,0,Gwa,
QC,Nuclear,2008,0.675,Gwa,
QC,Coal,2008,0,Gwa,
QC,Natural Gas,2008,0.59105,Gwa,
QC,Oil and Diesel,2008,1.63304,Gwa,
QC,Hydro,2009,38.414,Gwa,
QC,Wind,2009,0.66,Gwa,
QC,Biomass,2009,0.23,Gwa,
QC,Solar,2009,0,Gwa,
QC,Nuclear,2009,0.675,Gwa,
QC,Coal,2009,0,Gwa,
QC,Natural Gas,2009,0.59105,Gwa,
QC,Oil and Diesel,2009,1.58224,Gwa,
QC,Hydro,2010,38.426,Gwa,
QC,Wind,2010,0.664,Gwa,
QC,Biomass,2010,0.23,Gwa,
QC,Solar,2010,0,Gwa,
QC,Nuclear,2010,0.675,Gwa,
QC,Coal,2010,0,Gwa,
QC,Natural Gas,2010,0.59105,Gwa,
QC,Oil and Diesel,2010,1.50204,Gwa,
QC,Hydro,2011,38.184,Gwa,
QC,Wind,2011,0.923,Gwa,
QC,Biomass,2011,0.24,Gwa,
QC,Solar,2011,0,Gwa,
QC,Nuclear,2011,0.675,Gwa,
QC,Coal,2011,0,Gwa,
QC,Natural Gas,2011,0.59105,Gwa,
QC,Oil and Diesel,2011,1.00704,Gwa,
QC,Hydro,2012,39.217,Gwa,
QC,Wind,2012,1.354,Gwa,
QC,Biomass,2012,0.24,Gwa,
QC,Solar,2012,0,Gwa,
QC,Nuclear,2012,0.675,Gwa,
QC,Coal,2012,0,Gwa,
QC,Natural Gas,2012,0.59105,Gwa,
QC,Oil and Diesel,2012,1.00704,Gwa,
QC,Hydro,2013,38.433,Gwa,
QC,Wind,2013,2.404,Gwa,
QC,Biomass,2013,0.24,Gwa,
QC,Solar,2013,0.000297,Gwa,
QC,Nuclear,2013,0,Gwa,
QC,Coal,2013,0,Gwa,
QC,Natural Gas,2013,0.59113,Gwa,
QC,Oil and Diesel,2013,1.00704,Gwa,
QC,Hydro,2014,40.034,Gwa,
QC,Wind,2014,2.865,Gwa,
QC,Biomass,2014,0.24,Gwa,
QC,Solar,2014,0.000297,Gwa,
QC,Nuclear,2014,0,Gwa,
QC,Coal,2014,0,Gwa,
QC,Natural Gas,2014,0.59113,Gwa,
QC,Oil and Diesel,2014,0.54012,Gwa,
QC,Hydro,2015,40.212,Gwa,
QC,Wind,2015,3.262,Gwa,
QC,Biomass,2015,0.245,Gwa,
QC,Solar,2015,0.000297,Gwa,
QC,Nuclear,2015,0,Gwa,
QC,Coal,2015,0,Gwa,
QC,Natural Gas,2015,0.59113,Gwa,
QC,Oil and Diesel,2015,0.58912,Gwa,
QC,Hydro,2016,40.39695,Gwa,
QC,Wind,2016,3.54932,Gwa,
QC,Biomass,2016,0.27544,Gwa,
QC,Solar,2016,0.000297,Gwa,
QC,Nuclear,2016,0,Gwa,
QC,Coal,2016,0,Gwa,
QC,Natural Gas,2016,0.59113,Gwa,
QC,Oil and Diesel,2016,0.58912,Gwa,
NB,Hydro,2005,0.95313,Gwa,
NB,Wind,2005,0,Gwa,
NB,Biomass,2005,0.1273682,Gwa,
NB,Solar,2005,0,Gwa,
NB,Nuclear,2005,0.68,Gwa,
NB,Coal,2005,0.541,Gwa,
NB,Natural Gas,2005,0.34,Gwa,
NB,Oil and Diesel,2005,1.59304,Gwa,
NB,Hydro,2006,0.95313,Gwa,
NB,Wind,2006,0,Gwa,
NB,Biomass,2006,0.1273682,Gwa,
NB,Solar,2006,0,Gwa,
NB,Nuclear,2006,0.68,Gwa,
NB,Coal,2006,0.541,Gwa,
NB,Natural Gas,2006,0.34,Gwa,
NB,Oil and Diesel,2006,1.59304,Gwa,
NB,Hydro,2007,0.95313,Gwa,
NB,Wind,2007,0,Gwa,
NB,Biomass,2007,0.1273682,Gwa,
NB,Solar,2007,0,Gwa,
NB,Nuclear,2007,0.68,Gwa,
NB,Coal,2007,0.541,Gwa,
NB,Natural Gas,2007,0.34,Gwa,
NB,Oil and Diesel,2007,1.59304,Gwa,
NB,Hydro,2008,0.95313,Gwa,
NB,Wind,2008,0.096,Gwa,
NB,Biomass,2008,0.1273682,Gwa,
NB,Solar,2008,0,Gwa,
NB,Nuclear,2008,0.68,Gwa,
NB,Coal,2008,0.541,Gwa,
NB,Natural Gas,2008,0.34,Gwa,
NB,Oil and Diesel,2008,1.59304,Gwa,
NB,Hydro,2009,0.95313,Gwa,
NB,Wind,2009,0.195,Gwa,
NB,Biomass,2009,0.1273682,Gwa,
NB,Solar,2009,0,Gwa,
NB,Nuclear,2009,0.68,Gwa,
NB,Coal,2009,0.541,Gwa,
NB,Natural Gas,2009,0.35,Gwa,
NB,Oil and Diesel,2009,1.59304,Gwa,
NB,Hydro,2010,0.95313,Gwa,
NB,Wind,2010,0.195,Gwa,
NB,Biomass,2010,0.1273682,Gwa,
NB,Solar,2010,0,Gwa,
NB,Nuclear,2010,0.68,Gwa,
NB,Coal,2010,0.49,Gwa,
NB,Natural Gas,2010,0.35,Gwa,
NB,Oil and Diesel,2010,1.59304,Gwa,
NB,Hydro,2011,0.96098,Gwa,
NB,Wind,2011,0.294,Gwa,
NB,Biomass,2011,0.1273682,Gwa,
NB,Solar,2011,0,Gwa,
NB,Nuclear,2011,0.68,Gwa,
NB,Coal,2011,0.49,Gwa,
NB,Natural Gas,2011,0.35,Gwa,
NB,Oil and Diesel,2011,1.59304,Gwa,
NB,Hydro,2012,0.96098,Gwa,
NB,Wind,2012,0.294,Gwa,
NB,Biomass,2012,0.1273682,Gwa,
NB,Solar,2012,0,Gwa,
NB,Nuclear,2012,0.68,Gwa,
NB,Coal,2012,0.49,Gwa,
NB,Natural Gas,2012,0.35,Gwa,
NB,Oil and Diesel,2012,1.59304,Gwa,
NB,Hydro,2013,0.96098,Gwa,
NB,Wind,2013,0.294,Gwa,
NB,Biomass,2013,0.1273682,Gwa,
NB,Solar,2013,0.000162,Gwa,
NB,Nuclear,2013,0.705,Gwa,
NB,Coal,2013,0.49,Gwa,
NB,Natural Gas,2013,0.35,Gwa,
NB,Oil and Diesel,2013,1.59304,Gwa,
NB,Hydro,2014,0.96098,Gwa,
NB,Wind,2014,0.294,Gwa,
NB,Biomass,2014,0.1273682,Gwa,
NB,Solar,2014,0.000162,Gwa,
NB,Nuclear,2014,0.705,Gwa,
NB,Coal,2014,0.49,Gwa,
NB,Natural Gas,2014,0.35,Gwa,
NB,Oil and Diesel,2014,1.59304,Gwa,
NB,Hydro,2015,0.96098,Gwa,
NB,Wind,2015,0.294,Gwa,
NB,Biomass,2015,0.1273682,Gwa,
NB,Solar,2015,0.000162,Gwa,
NB,Nuclear,2015,0.705,Gwa,
NB,Coal,2015,0.49,Gwa,
NB,Natural Gas,2015,0.35,Gwa,
NB,Oil and Diesel,2015,1.59304,Gwa,
NB,Hydro,2016,0.96098,Gwa,
NB,Wind,2016,0.294,Gwa,
NB,Biomass,2016,0.1273,Gwa,
NB,Solar,2016,0.000162,Gwa,
NB,Nuclear,2016,0.705,Gwa,
NB,Coal,2016,0.49,Gwa,
NB,Natural Gas,2016,0.35,Gwa,
NB,Oil and Diesel,2016,1.59304,Gwa,
NS,Hydro,2005,0.4012,Gwa,
NS,Wind,2005,0.0347,Gwa,
NS,Biomass,2005,0.06862,Gwa,
NS,Solar,2005,0,Gwa,
NS,Nuclear,2005,0,Gwa,
NS,Coal,2005,1.288,Gwa,
NS,Natural Gas,2005,0.381,Gwa,
NS,Oil and Diesel,2005,0.2223,Gwa,
NS,Hydro,2006,0.4012,Gwa,
NS,Wind,2006,0.0371,Gwa,
NS,Biomass,2006,0.06612,Gwa,
NS,Solar,2006,0,Gwa,
NS,Nuclear,2006,0,Gwa,
NS,Coal,2006,1.288,Gwa,
NS,Natural Gas,2006,0.381,Gwa,
NS,Oil and Diesel,2006,0.2223,Gwa,
NS,Hydro,2007,0.4012,Gwa,
NS,Wind,2007,0.0423,Gwa,
NS,Biomass,2007,0.06612,Gwa,
NS,Solar,2007,0,Gwa,
NS,Nuclear,2007,0,Gwa,
NS,Coal,2007,1.288,Gwa,
NS,Natural Gas,2007,0.381,Gwa,
NS,Oil and Diesel,2007,0.2223,Gwa,
NS,Hydro,2008,0.4012,Gwa,
NS,Wind,2008,0.0432,Gwa,
NS,Biomass,2008,0.06612,Gwa,
NS,Solar,2008,0,Gwa,
NS,Nuclear,2008,0,Gwa,
NS,Coal,2008,1.288,Gwa,
NS,Natural Gas,2008,0.381,Gwa,
NS,Oil and Diesel,2008,0.2223,Gwa,
NS,Hydro,2009,0.4012,Gwa,
NS,Wind,2009,0.0432,Gwa,
NS,Biomass,2009,0.06612,Gwa,
NS,Solar,2009,0,Gwa,
NS,Nuclear,2009,0,Gwa,
NS,Coal,2009,1.288,Gwa,
NS,Natural Gas,2009,0.43,Gwa,
NS,Oil and Diesel,2009,0.2223,Gwa,
NS,Hydro,2010,0.4012,Gwa,
NS,Wind,2010,0.1222,Gwa,
NS,Biomass,2010,0.06612,Gwa,
NS,Solar,2010,0,Gwa,
NS,Nuclear,2010,0,Gwa,
NS,Coal,2010,1.288,Gwa,
NS,Natural Gas,2010,0.381,Gwa,
NS,Oil and Diesel,2010,0.2223,Gwa,
NS,Hydro,2011,0.4012,Gwa,
NS,Wind,2011,0.2166,Gwa,
NS,Biomass,2011,0.06612,Gwa,
NS,Solar,2011,0,Gwa,
NS,Nuclear,2011,0,Gwa,
NS,Coal,2011,1.288,Gwa,
NS,Natural Gas,2011,0.482,Gwa,
NS,Oil and Diesel,2011,0.2223,Gwa,
NS,Hydro,2012,0.4012,Gwa,
NS,Wind,2012,0.3202,Gwa,
NS,Biomass,2012,0.06612,Gwa,
NS,Solar,2012,0,Gwa,
NS,Nuclear,2012,0,Gwa,
NS,Coal,2012,1.288,Gwa,
NS,Natural Gas,2012,0.482,Gwa,
NS,Oil and Diesel,2012,0.2223,Gwa,
NS,Hydro,2013,0.4012,Gwa,
NS,Wind,2013,0.32617,Gwa,
NS,Biomass,2013,0.06612,Gwa,
NS,Solar,2013,0.000365,Gwa,
NS,Nuclear,2013,0,Gwa,
NS,Coal,2013,1.252,Gwa,
NS,Natural Gas,2013,0.48201,Gwa,
NS,Oil and Diesel,2013,0.2223,Gwa,
NS,Hydro,2014,0.3882,Gwa,
NS,Wind,2014,0.32817,Gwa,
NS,Biomass,2014,0.11256,Gwa,
NS,Solar,2014,0.000365,Gwa,
NS,Nuclear,2014,0,Gwa,
NS,Coal,2014,1.252,Gwa,
NS,Natural Gas,2014,0.48201,Gwa,
NS,Oil and Diesel,2014,0.2223,Gwa,
NS,Hydro,2015,0.3882,Gwa,
NS,Wind,2015,0.44397,Gwa,
NS,Biomass,2015,0.11256,Gwa,
NS,Solar,2015,0.000365,Gwa,
NS,Nuclear,2015,0,Gwa,
NS,Coal,2015,1.252,Gwa,
NS,Natural Gas,2015,0.48201,Gwa,
NS,Oil and Diesel,2015,0.2223,Gwa,
NS,Hydro,2016,0.3882,Gwa,
NS,Wind,2016,0.5154,Gwa,
NS,Biomass,2016,0.12756,Gwa,
NS,Solar,2016,0.000365,Gwa,
NS,Nuclear,2016,0,Gwa,
NS,Coal,2016,1.252,Gwa,
NS,Natural Gas,2016,0.48201,Gwa,
NS,Oil and Diesel,2016,0.2223,Gwa,
NL,Hydro,2005,6.790681,Gwa,
NL,Wind,2005,0,Gwa,
NL,Biomass,2005,0.015,Gwa,
NL,Solar,2005,0,Gwa,
NL,Nuclear,2005,0,Gwa,
NL,Coal,2005,0,Gwa,
NL,Natural Gas,2005,0.103,Gwa,
NL,Oil and Diesel,2005,0.7837,Gwa,
NL,Hydro,2006,6.790681,Gwa,
NL,Wind,2006,0,Gwa,
NL,Biomass,2006,0.015,Gwa,
NL,Solar,2006,0,Gwa,
NL,Nuclear,2006,0,Gwa,
NL,Coal,2006,0,Gwa,
NL,Natural Gas,2006,0.103,Gwa,
NL,Oil and Diesel,2006,0.7837,Gwa,
NL,Hydro,2007,6.790681,Gwa,
NL,Wind,2007,0,Gwa,
NL,Biomass,2007,0.015,Gwa,
NL,Solar,2007,0,Gwa,
NL,Nuclear,2007,0,Gwa,
NL,Coal,2007,0,Gwa,
NL,Natural Gas,2007,0.103,Gwa,
NL,Oil and Diesel,2007,0.7837,Gwa,
NL,Hydro,2008,6.790681,Gwa,
NL,Wind,2008,0,Gwa,
NL,Biomass,2008,0.015,Gwa,
NL,Solar,2008,0,Gwa,
NL,Nuclear,2008,0,Gwa,
NL,Coal,2008,0,Gwa,
NL,Natural Gas,2008,0.103,Gwa,
NL,Oil and Diesel,2008,0.7837,Gwa,
NL,Hydro,2009,6.790681,Gwa,
NL,Wind,2009,0.054,Gwa,
NL,Biomass,2009,0.015,Gwa,
NL,Solar,2009,0,Gwa,
NL,Nuclear,2009,0,Gwa,
NL,Coal,2009,0,Gwa,
NL,Natural Gas,2009,0.103,Gwa,
NL,Oil and Diesel,2009,0.72229,Gwa,
NL,Hydro,2010,6.790681,Gwa,
NL,Wind,2010,0.054,Gwa,
NL,Biomass,2010,0.015,Gwa,
NL,Solar,2010,0,Gwa,
NL,Nuclear,2010,0,Gwa,
NL,Coal,2010,0,Gwa,
NL,Natural Gas,2010,0.103,Gwa,
NL,Oil and Diesel,2010,0.72229,Gwa,
NL,Hydro,2011,6.793681,Gwa,
NL,Wind,2011,0.0543,Gwa,
NL,Biomass,2011,0.015,Gwa,
NL,Solar,2011,0,Gwa,
NL,Nuclear,2011,0,Gwa,
NL,Coal,2011,0,Gwa,
NL,Natural Gas,2011,0.103,Gwa,
NL,Oil and Diesel,2011,0.72229,Gwa,
NL,Hydro,2012,6.793681,Gwa,
NL,Wind,2012,0.0543,Gwa,
NL,Biomass,2012,0.015,Gwa,
NL,Solar,2012,0,Gwa,
NL,Nuclear,2012,0,Gwa,
NL,Coal,2012,0,Gwa,
NL,Natural Gas,2012,0.103,Gwa,
NL,Oil and Diesel,2012,0.72229,Gwa,
NL,Hydro,2013,6.793681,Gwa,
NL,Wind,2013,0.0543,Gwa,
NL,Biomass,2013,0.015,Gwa,
NL,Solar,2013,1.5E-05,Gwa,
NL,Nuclear,2013,0,Gwa,
NL,Coal,2013,0,Gwa,
NL,Natural Gas,2013,0.103,Gwa,
NL,Oil and Diesel,2013,0.72229,Gwa,
NL,Hydro,2014,6.793681,Gwa,
NL,Wind,2014,0.0543,Gwa,
NL,Biomass,2014,0.015,Gwa,
NL,Solar,2014,1.5E-05,Gwa,
NL,Nuclear,2014,0,Gwa,
NL,Coal,2014,0,Gwa,
NL,Natural Gas,2014,0.103,Gwa,
NL,Oil and Diesel,2014,0.73699,Gwa,
NL,Hydro,2015,6.793681,Gwa,
NL,Wind,2015,0.0543,Gwa,
NL,Biomass,2015,0.015,Gwa,
NL,Solar,2015,1.5E-05,Gwa,
NL,Nuclear,2015,0,Gwa,
NL,Coal,2015,0,Gwa,
NL,Natural Gas,2015,0.103,Gwa,
NL,Oil and Diesel,2015,0.73699,Gwa,
NL,Hydro,2016,6.793681,Gwa,
NL,Wind,2016,0.0543,Gwa,
NL,Biomass,2016,0.015,Gwa,
NL,Solar,2016,1.5E-05,Gwa,
NL,Nuclear,2016,0,Gwa,
NL,Coal,2016,0,Gwa,
NL,Natural Gas,2016,0.103,Gwa,
NL,Oil and Diesel,2016,0.73699,Gwa,
PE,Hydro,2005,0,Gwa,
PE,Wind,2005,0.013,Gwa,
PE,Biomass,2005,0.0021,Gwa,
PE,Solar,2005,0,Gwa,
PE,Nuclear,2005,0,Gwa,
PE,Coal,2005,0,Gwa,
PE,Natural Gas,2005,0,Gwa,
PE,Oil and Diesel,2005,0.1605,Gwa,
PE,Hydro,2006,0,Gwa,
PE,Wind,2006,0.013,Gwa,
PE,Biomass,2006,0.0021,Gwa,
PE,Solar,2006,0,Gwa,
PE,Nuclear,2006,0,Gwa,
PE,Coal,2006,0,Gwa,
PE,Natural Gas,2006,0,Gwa,
PE,Oil and Diesel,2006,0.1605,Gwa,
PE,Hydro,2007,0,Gwa,
PE,Wind,2007,0.072,Gwa,
PE,Biomass,2007,0.0021,Gwa,
PE,Solar,2007,0,Gwa,
PE,Nuclear,2007,0,Gwa,
PE,Coal,2007,0,Gwa,
PE,Natural Gas,2007,0,Gwa,
PE,Oil and Diesel,2007,0.1605,Gwa,
PE,Hydro,2008,0,Gwa,
PE,Wind,2008,0.072,Gwa,
PE,Biomass,2008,0.0021,Gwa,
PE,Solar,2008,0,Gwa,
PE,Nuclear,2008,0,Gwa,
PE,Coal,2008,0,Gwa,
PE,Natural Gas,2008,0,Gwa,
PE,Oil and Diesel,2008,0.16045,Gwa,
PE,Hydro,2009,0,Gwa,
PE,Wind,2009,0.151,Gwa,
PE,Biomass,2009,0.0021,Gwa,
PE,Solar,2009,0,Gwa,
PE,Nuclear,2009,0,Gwa,
PE,Coal,2009,0,Gwa,
PE,Natural Gas,2009,0,Gwa,
PE,Oil and Diesel,2009,0.16,Gwa,
PE,Hydro,2010,0,Gwa,
PE,Wind,2010,0.163,Gwa,
PE,Biomass,2010,0.0021,Gwa,
PE,Solar,2010,0,Gwa,
PE,Nuclear,2010,0,Gwa,
PE,Coal,2010,0,Gwa,
PE,Natural Gas,2010,0,Gwa,
PE,Oil and Diesel,2010,0.16045,Gwa,
PE,Hydro,2011,0,Gwa,
PE,Wind,2011,0.163,Gwa,
PE,Biomass,2011,0.0021,Gwa,
PE,Solar,2011,0,Gwa,
PE,Nuclear,2011,0,Gwa,
PE,Coal,2011,0,Gwa,
PE,Natural Gas,2011,0,Gwa,
PE,Oil and Diesel,2011,0.16045,Gwa,
PE,Hydro,2012,0,Gwa,
PE,Wind,2012,0.163,Gwa,
PE,Biomass,2012,0.0021,Gwa,
PE,Solar,2012,0,Gwa,
PE,Nuclear,2012,0,Gwa,
PE,Coal,2012,0,Gwa,
PE,Natural Gas,2012,0,Gwa,
PE,Oil and Diesel,2012,0.16045,Gwa,
PE,Hydro,2013,0,Gwa,
PE,Wind,2013,0.173,Gwa,
PE,Biomass,2013,0.0021,Gwa,
PE,Solar,2013,0,Gwa,
PE,Nuclear,2013,0,Gwa,
PE,Coal,2013,0,Gwa,
PE,Natural Gas,2013,0,Gwa,
PE,Oil and Diesel,2013,0.16045,Gwa,
PE,Hydro,2014,0,Gwa,
PE,Wind,2014,0.20298,Gwa,
PE,Biomass,2014,0.0021,Gwa,
PE,Solar,2014,0,Gwa,
PE,Nuclear,2014,0,Gwa,
PE,Coal,2014,0,Gwa,
PE,Natural Gas,2014,0,Gwa,
PE,Oil and Diesel,2014,0.16045,Gwa,
PE,Hydro,2015,0,Gwa,
PE,Wind,2015,0.20328,Gwa,
PE,Biomass,2015,0.0021,Gwa,
PE,Solar,2015,0,Gwa,
PE,Nuclear,2015,0,Gwa,
PE,Coal,2015,0,Gwa,
PE,Natural Gas,2015,0,Gwa,
PE,Oil and Diesel,2015,0.16045,Gwa,
PE,Hydro,2016,0,Gwa,
PE,Wind,2016,0.20328,Gwa,
PE,Biomass,2016,0.0021,Gwa,
PE,Solar,2016,0,Gwa,
PE,Nuclear,2016,0,Gwa,
PE,Coal,2016,0,Gwa,
PE,Natural Gas,2016,0,Gwa,
PE,Oil and Diesel,2016,0.16045,Gwa,
YT,Hydro,2005,0.0779,Gwa,
YT,Wind,2005,0.00081,Gwa,
YT,Biomass,2005,0,Gwa,
YT,Solar,2005,0,Gwa,
YT,Nuclear,2005,0,Gwa,
YT,Coal,2005,0,Gwa,
YT,Natural Gas,2005,0,Gwa,
YT,Oil and Diesel,2005,0.03334,Gwa,
YT,Hydro,2006,0.0779,Gwa,
YT,Wind,2006,0.00081,Gwa,
YT,Biomass,2006,0,Gwa,
YT,Solar,2006,0,Gwa,
YT,Nuclear,2006,0,Gwa,
YT,Coal,2006,0,Gwa,
YT,Natural Gas,2006,0,Gwa,
YT,Oil and Diesel,2006,0.03334,Gwa,
YT,Hydro,2007,0.0779,Gwa,
YT,Wind,2007,0.00081,Gwa,
YT,Biomass,2007,0,Gwa,
YT,Solar,2007,0,Gwa,
YT,Nuclear,2007,0,Gwa,
YT,Coal,2007,0,Gwa,
YT,Natural Gas,2007,0,Gwa,
YT,Oil and Diesel,2007,0.03334,Gwa,
YT,Hydro,2008,0.0779,Gwa,
YT,Wind,2008,0.00081,Gwa,
YT,Biomass,2008,0,Gwa,
YT,Solar,2008,0,Gwa,
YT,Nuclear,2008,0,Gwa,
YT,Coal,2008,0,Gwa,
YT,Natural Gas,2008,0,Gwa,
YT,Oil and Diesel,2008,0.03334,Gwa,
YT,Hydro,2009,0.0779,Gwa,
YT,Wind,2009,0.00081,Gwa,
YT,Biomass,2009,0,Gwa,
YT,Solar,2009,0,Gwa,
YT,Nuclear,2009,0,Gwa,
YT,Coal,2009,0,Gwa,
YT,Natural Gas,2009,0,Gwa,
YT,Oil and Diesel,2009,0.03334,Gwa,
YT,Hydro,2010,0.0779,Gwa,
YT,Wind,2010,0.00081,Gwa,
YT,Biomass,2010,0,Gwa,
YT,Solar,2010,0,Gwa,
YT,Nuclear,2010,0,Gwa,
YT,Coal,2010,0,Gwa,
YT,Natural Gas,2010,0,Gwa,
YT,Oil and Diesel,2010,0.03357,Gwa,
YT,Hydro,2011,0.0879,Gwa,
YT,Wind,2011,0.00081,Gwa,
YT,Biomass,2011,0,Gwa,
YT,Solar,2011,0,Gwa,
YT,Nuclear,2011,0,Gwa,
YT,Coal,2011,0,Gwa,
YT,Natural Gas,2011,0,Gwa,
YT,Oil and Diesel,2011,0.03357,Gwa,
YT,Hydro,2012,0.0952,Gwa,
YT,Wind,2012,0.00081,Gwa,
YT,Biomass,2012,0,Gwa,
YT,Solar,2012,0,Gwa,
YT,Nuclear,2012,0,Gwa,
YT,Coal,2012,0,Gwa,
YT,Natural Gas,2012,0,Gwa,
YT,Oil and Diesel,2012,0.03357,Gwa,
YT,Hydro,2013,0.0945,Gwa,
YT,Wind,2013,0.00081,Gwa,
YT,Biomass,2013,0,Gwa,
YT,Solar,2013,4.4E-05,Gwa,
YT,Nuclear,2013,0,Gwa,
YT,Coal,2013,0,Gwa,
YT,Natural Gas,2013,0,Gwa,
YT,Oil and Diesel,2013,0.03357,Gwa,
YT,Hydro,2014,0.0945,Gwa,
YT,Wind,2014,0.00081,Gwa,
YT,Biomass,2014,0,Gwa,
YT,Solar,2014,4.4E-05,Gwa,
YT,Nuclear,2014,0,Gwa,
YT,Coal,2014,0,Gwa,
YT,Natural Gas,2014,0,Gwa,
YT,Oil and Diesel,2014,0.03357,Gwa,
YT,Hydro,2015,0.0945,Gwa,
YT,Wind,2015,0.00081,Gwa,
YT,Biomass,2015,0,Gwa,
YT,Solar,2015,4.4E-05,Gwa,
YT,Nuclear,2015,0,Gwa,
YT,Coal,2015,0,Gwa,
YT,Natural Gas,2015,0.0044,Gwa,
YT,Oil and Diesel,2015,0.02457,Gwa,
YT,Hydro,2016,0.0945,Gwa,
YT,Wind,2016,0.00081,Gwa,
YT,Biomass,2016,0,Gwa,
YT,Solar,2016,0.000144,Gwa,
YT,Nuclear,2016,0,Gwa,
YT,Coal,2016,0,Gwa,
YT,Natural Gas,2016,0.0044,Gwa,
YT,Oil and Diesel,2016,0.02457,Gwa,
NT,Hydro,2005,0.05548,Gwa,
NT,Wind,2005,0,Gwa,
NT,Biomass,2005,0,Gwa,
NT,Solar,2005,0,Gwa,
NT,Nuclear,2005,0,Gwa,
NT,Coal,2005,0,Gwa,
NT,Natural Gas,2005,0.035,Gwa,
NT,Oil and Diesel,2005,0.114,Gwa,
NT,Hydro,2006,0.05548,Gwa,
NT,Wind,2006,0,Gwa,
NT,Biomass,2006,0,Gwa,
NT,Solar,2006,0,Gwa,
NT,Nuclear,2006,0,Gwa,
NT,Coal,2006,0,Gwa,
NT,Natural Gas,2006,0.035,Gwa,
NT,Oil and Diesel,2006,0.075,Gwa,
NT,Hydro,2007,0.05548,Gwa,
NT,Wind,2007,0,Gwa,
NT,Biomass,2007,0,Gwa,
NT,Solar,2007,0,Gwa,
NT,Nuclear,2007,0,Gwa,
NT,Coal,2007,0,Gwa,
NT,Natural Gas,2007,0.0272,Gwa,
NT,Oil and Diesel,2007,0.08,Gwa,
NT,Hydro,2008,0.05548,Gwa,
NT,Wind,2008,0,Gwa,
NT,Biomass,2008,0,Gwa,
NT,Solar,2008,0,Gwa,
NT,Nuclear,2008,0,Gwa,
NT,Coal,2008,0,Gwa,
NT,Natural Gas,2008,0.0272,Gwa,
NT,Oil and Diesel,2008,0.084,Gwa,
NT,Hydro,2009,0.05548,Gwa,
NT,Wind,2009,0,Gwa,
NT,Biomass,2009,0,Gwa,
NT,Solar,2009,0,Gwa,
NT,Nuclear,2009,0,Gwa,
NT,Coal,2009,0,Gwa,
NT,Natural Gas,2009,0.0272,Gwa,
NT,Oil and Diesel,2009,0.1,Gwa,
NT,Hydro,2010,0.05548,Gwa,
NT,Wind,2010,0,Gwa,
NT,Biomass,2010,0,Gwa,
NT,Solar,2010,0,Gwa,
NT,Nuclear,2010,0,Gwa,
NT,Coal,2010,0,Gwa,
NT,Natural Gas,2010,0.0272,Gwa,
NT,Oil and Diesel,2010,0.1,Gwa,
NT,Hydro,2011,0.05548,Gwa,
NT,Wind,2011,0,Gwa,
NT,Biomass,2011,0,Gwa,
NT,Solar,2011,0,Gwa,
NT,Nuclear,2011,0,Gwa,
NT,Coal,2011,0,Gwa,
NT,Natural Gas,2011,0.0272,Gwa,
NT,Oil and Diesel,2011,0.1,Gwa,
NT,Hydro,2012,0.05548,Gwa,
NT,Wind,2012,0.0092,Gwa,
NT,Biomass,2012,0,Gwa,
NT,Solar,2012,0,Gwa,
NT,Nuclear,2012,0,Gwa,
NT,Coal,2012,0,Gwa,
NT,Natural Gas,2012,0.0272,Gwa,
NT,Oil and Diesel,2012,0.1,Gwa,
NT,Hydro,2013,0.05548,Gwa,
NT,Wind,2013,0.0092,Gwa,
NT,Biomass,2013,0,Gwa,
NT,Solar,2013,0.000265,Gwa,
NT,Nuclear,2013,0,Gwa,
NT,Coal,2013,0,Gwa,
NT,Natural Gas,2013,0.0272,Gwa,
NT,Oil and Diesel,2013,0.104,Gwa,
NT,Hydro,2014,0.05548,Gwa,
NT,Wind,2014,0.0092,Gwa,
NT,Biomass,2014,0,Gwa,
NT,Solar,2014,0.000415,Gwa,
NT,Nuclear,2014,0,Gwa,
NT,Coal,2014,0,Gwa,
NT,Natural Gas,2014,0.0272,Gwa,
NT,Oil and Diesel,2014,0.078,Gwa,
NT,Hydro,2015,0.05548,Gwa,
NT,Wind,2015,0.0092,Gwa,
NT,Biomass,2015,0,Gwa,
NT,Solar,2015,0.000815,Gwa,
NT,Nuclear,2015,0,Gwa,
NT,Coal,2015,0,Gwa,
NT,Natural Gas,2015,0.0272,Gwa,
NT,Oil and Diesel,2015,0.094,Gwa,
NT,Hydro,2016,0.05548,Gwa,
NT,Wind,2016,0.0092,Gwa,
NT,Biomass,2016,0,Gwa,
NT,Solar,2016,0.001215,Gwa,
NT,Nuclear,2016,0,Gwa,
NT,Coal,2016,0,Gwa,
NT,Natural Gas,2016,0.0272,Gwa,
NT,Oil and Diesel,2016,0.09406,Gwa,
NU,Hydro,2005,0,Gwa,
NU,Wind,2005,0,Gwa,
NU,Biomass,2005,0,Gwa,
NU,Solar,2005,0,Gwa,
NU,Nuclear,2005,0,Gwa,
NU,Coal,2005,0,Gwa,
NU,Natural Gas,2005,0,Gwa,
NU,Oil and Diesel,2005,0.05428,Gwa,
NU,Hydro,2006,0,Gwa,
NU,Wind,2006,0,Gwa,
NU,Biomass,2006,0,Gwa,
NU,Solar,2006,0,Gwa,
NU,Nuclear,2006,0,Gwa,
NU,Coal,2006,0,Gwa,
NU,Natural Gas,2006,0,Gwa,
NU,Oil and Diesel,2006,0.05428,Gwa,
NU,Hydro,2007,0,Gwa,
NU,Wind,2007,0,Gwa,
NU,Biomass,2007,0,Gwa,
NU,Solar,2007,0,Gwa,
NU,Nuclear,2007,0,Gwa,
NU,Coal,2007,0,Gwa,
NU,Natural Gas,2007,0,Gwa,
NU,Oil and Diesel,2007,0.05428,Gwa,
NU,Hydro,2008,0,Gwa,
NU,Wind,2008,0,Gwa,
NU,Biomass,2008,0,Gwa,
NU,Solar,2008,0,Gwa,
NU,Nuclear,2008,0,Gwa,
NU,Coal,2008,0,Gwa,
NU,Natural Gas,2008,0,Gwa,
NU,Oil and Diesel,2008,0.05428,Gwa,
NU,Hydro,2009,0,Gwa,
NU,Wind,2009,0,Gwa,
NU,Biomass,2009,0,Gwa,
NU,Solar,2009,0,Gwa,
NU,Nuclear,2009,0,Gwa,
NU,Coal,2009,0,Gwa,
NU,Natural Gas,2009,0,Gwa,
NU,Oil and Diesel,2009,0.05428,Gwa,
NU,Hydro,2010,0,Gwa,
NU,Wind,2010,0,Gwa,
NU,Biomass,2010,0,Gwa,
NU,Solar,2010,0,Gwa,
NU,Nuclear,2010,0,Gwa,
NU,Coal,2010,0,Gwa,
NU,Natural Gas,2010,0,Gwa,
NU,Oil and Diesel,2010,0.05428,Gwa,
NU,Hydro,2011,0,Gwa,
NU,Wind,2011,0,Gwa,
NU,Biomass,2011,0,Gwa,
NU,Solar,2011,0,Gwa,
NU,Nuclear,2011,0,Gwa,
NU,Coal,2011,0,Gwa,
NU,Natural Gas,2011,0,Gwa,
NU,Oil and Diesel,2011,0.05428,Gwa,
NU,Hydro,2012,0,Gwa,
NU,Wind,2012,0,Gwa,
NU,Biomass,2012,0,Gwa,
NU,Solar,2012,0,Gwa,
NU,Nuclear,2012,0,Gwa,
NU,Coal,2012,0,Gwa,
NU,Natural Gas,2012,0,Gwa,
NU,Oil and Diesel,2012,0.05428,Gwa,
NU,Hydro,2013,0,Gwa,
NU,Wind,2013,0,Gwa,
NU,Biomass,2013,0,Gwa,
NU,Solar,2013,3.3E-05,Gwa,
NU,Nuclear,2013,0,Gwa,
NU,Coal,2013,0,Gwa,
NU,Natural Gas,2013,0,Gwa,
NU,Oil and Diesel,2013,0.05428,Gwa,
NU,Hydro,2014,0,Gwa,
NU,Wind,2014,0,Gwa,
NU,Biomass,2014,0,Gwa,
NU,Solar,2014,3.3E-05,Gwa,
NU,Nuclear,2014,0,Gwa,
NU,Coal,2014,0,Gwa,
NU,Natural Gas,2014,0,Gwa,
NU,Oil and Diesel,2014,0.05428,Gwa,
NU,Hydro,2015,0,Gwa,
NU,Wind,2015,0,Gwa,
NU,Biomass,2015,0,Gwa,
NU,Solar,2015,3.3E-05,Gwa,
NU,Nuclear,2015,0,Gwa,
NU,Coal,2015,0,Gwa,
NU,Natural Gas,2015,0,Gwa,
NU,Oil and Diesel,2015,0.05428,Gwa,
NU,Hydro,2016,0,Gwa,
NU,Wind,2016,0,Gwa,
NU,Biomass,2016,0,Gwa,
NU,Solar,2016,0.000133,Gwa,
NU,Nuclear,2016,0,Gwa,
NU,Coal,2016,0,Gwa,
NU,Natural Gas,2016,0,Gwa,
NU,Oil and Diesel,2016,0.05428,Gwa,
