region,technology,year,value,unit
Canada,Biomass,2005,0.877625342465753,Gwa
Canada,Biomass,2006,0.883717922374429,Gwa
Canada,Biomass,2007,0.86217602739726,Gwa
Canada,Biomass,2008,0.805991780821918,Gwa
Canada,Biomass,2009,0.709223744292237,Gwa
Canada,Biomass,2010,0.967641780821918,Gwa
Canada,Biomass,2011,1.02896267123288,Gwa
Canada,Biomass,2012,1.06334801255708,Gwa
Canada,Biomass,2013,1.1245497716895,Gwa
Canada,Biomass,2014,1.11404942922374,Gwa
Canada,Biomass,2015,1.42820385844749,Gwa
Canada,Biomass,2016,1.50841648401826,Gwa
BC,Biomass,2005,0.371461187214612,Gwa
BC,Biomass,2006,0.371461187214612,Gwa
BC,Biomass,2007,0.371461187214612,Gwa
BC,Biomass,2008,0.312671232876712,Gwa
BC,Biomass,2009,0.246917808219178,Gwa
BC,Biomass,2010,0.442712899543379,Gwa
BC,Biomass,2011,0.476498059360731,Gwa
BC,Biomass,2012,0.464909920091324,Gwa
BC,Biomass,2013,0.471536073059361,Gwa
BC,Biomass,2014,0.500910159817352,Gwa
BC,Biomass,2015,0.769197237442922,Gwa
BC,Biomass,2016,0.767918584474886,Gwa
AB,Biomass,2005,0.19693698630137,Gwa
AB,Biomass,2006,0.211777283105023,Gwa
AB,Biomass,2007,0.213511643835616,Gwa
AB,Biomass,2008,0.218879908675799,Gwa
AB,Biomass,2009,0.2125,Gwa
AB,Biomass,2010,0.217896917808219,Gwa
AB,Biomass,2011,0.225135844748858,Gwa
AB,Biomass,2012,0.23848375456621,Gwa
AB,Biomass,2013,0.256860730593607,Gwa
AB,Biomass,2014,0.235753424657534,Gwa
AB,Biomass,2015,0.245262557077626,Gwa
AB,Biomass,2016,0.251255707762557,Gwa
SK,Biomass,2005,0,Gwa
SK,Biomass,2006,0,Gwa
SK,Biomass,2007,0,Gwa
SK,Biomass,2008,0,Gwa
SK,Biomass,2009,0,Gwa
SK,Biomass,2010,0,Gwa
SK,Biomass,2011,0,Gwa
SK,Biomass,2012,0,Gwa
SK,Biomass,2013,0,Gwa
SK,Biomass,2014,0,Gwa
SK,Biomass,2015,0,Gwa
SK,Biomass,2016,0.017315856164384,Gwa
MB,Biomass,2005,0,Gwa
MB,Biomass,2006,0,Gwa
MB,Biomass,2007,0,Gwa
MB,Biomass,2008,0,Gwa
MB,Biomass,2009,0,Gwa
MB,Biomass,2010,0,Gwa
MB,Biomass,2011,0,Gwa
MB,Biomass,2012,0,Gwa
MB,Biomass,2013,0,Gwa
MB,Biomass,2014,0,Gwa
MB,Biomass,2015,0.011415525114155,Gwa
MB,Biomass,2016,0.008936757990868,Gwa
ON,Biomass,2005,0.126426940639269,Gwa
ON,Biomass,2006,0.117146118721461,Gwa
ON,Biomass,2007,0.099920091324201,Gwa
ON,Biomass,2008,0.108801369863014,Gwa
ON,Biomass,2009,0.092728310502283,Gwa
ON,Biomass,2010,0.100182648401827,Gwa
ON,Biomass,2011,0.096050228310502,Gwa
ON,Biomass,2012,0.103904109589041,Gwa
ON,Biomass,2013,0.105057077625571,Gwa
ON,Biomass,2014,0.091198630136986,Gwa
ON,Biomass,2015,0.093321917808219,Gwa
ON,Biomass,2016,0.1287399543379,Gwa
QC,Biomass,2005,0.073744292237443,Gwa
QC,Biomass,2006,0.073744292237443,Gwa
QC,Biomass,2007,0.073744292237443,Gwa
QC,Biomass,2008,0.050114155251142,Gwa
QC,Biomass,2009,0.062785388127854,Gwa
QC,Biomass,2010,0.09634703196347,Gwa
QC,Biomass,2011,0.124315068493151,Gwa
QC,Biomass,2012,0.140753424657534,Gwa
QC,Biomass,2013,0.184246575342466,Gwa
QC,Biomass,2014,0.196803652968037,Gwa
QC,Biomass,2015,0.234349086757991,Gwa
QC,Biomass,2016,0.238915296803653,Gwa
NB,Biomass,2005,0.069634703196347,Gwa
NB,Biomass,2006,0.069634703196347,Gwa
NB,Biomass,2007,0.064155251141553,Gwa
NB,Biomass,2008,0.073858447488585,Gwa
NB,Biomass,2009,0.065753424657534,Gwa
NB,Biomass,2010,0.066780821917808,Gwa
NB,Biomass,2011,0.064954337899543,Gwa
NB,Biomass,2012,0.066095890410959,Gwa
NB,Biomass,2013,0.063698630136986,Gwa
NB,Biomass,2014,0.065867579908676,Gwa
NB,Biomass,2015,0.041210045662101,Gwa
NB,Biomass,2016,0.062557077625571,Gwa
NS,Biomass,2005,0.036301369863014,Gwa
NS,Biomass,2006,0.036301369863014,Gwa
NS,Biomass,2007,0.036301369863014,Gwa
NS,Biomass,2008,0.03675799086758,Gwa
NS,Biomass,2009,0.02796803652968,Gwa
NS,Biomass,2010,0.043150684931507,Gwa
NS,Biomass,2011,0.041438356164384,Gwa
NS,Biomass,2012,0.044178082191781,Gwa
NS,Biomass,2013,0.037785388127854,Gwa
NS,Biomass,2014,0.016210045662101,Gwa
NS,Biomass,2015,0.032990867579909,Gwa
NS,Biomass,2016,0.024207842465754,Gwa
NL,Biomass,2005,0,Gwa
NL,Biomass,2006,0,Gwa
NL,Biomass,2007,0,Gwa
NL,Biomass,2008,0,Gwa
NL,Biomass,2009,0,Gwa
NL,Biomass,2010,0,Gwa
NL,Biomass,2011,0,Gwa
NL,Biomass,2012,0,Gwa
NL,Biomass,2013,0,Gwa
NL,Biomass,2014,0,Gwa
NL,Biomass,2015,0,Gwa
NL,Biomass,2016,0.007990867579909,Gwa
PE,Biomass,2005,0,Gwa
PE,Biomass,2006,0,Gwa
PE,Biomass,2007,0,Gwa
PE,Biomass,2008,0,Gwa
PE,Biomass,2009,0,Gwa
PE,Biomass,2010,0,Gwa
PE,Biomass,2011,0,Gwa
PE,Biomass,2012,0,Gwa
PE,Biomass,2013,0,Gwa
PE,Biomass,2014,0,Gwa
PE,Biomass,2015,0.000456621004566,Gwa
PE,Biomass,2016,0.000578538812785,Gwa
YT,Biomass,2005,0,Gwa
YT,Biomass,2006,0,Gwa
YT,Biomass,2007,0,Gwa
YT,Biomass,2008,0,Gwa
YT,Biomass,2009,0,Gwa
YT,Biomass,2010,0,Gwa
YT,Biomass,2011,0,Gwa
YT,Biomass,2012,0,Gwa
YT,Biomass,2013,0,Gwa
YT,Biomass,2014,0,Gwa
YT,Biomass,2015,0,Gwa
YT,Biomass,2016,0,Gwa
NT,Biomass,2005,0,Gwa
NT,Biomass,2006,0,Gwa
NT,Biomass,2007,0,Gwa
NT,Biomass,2008,0,Gwa
NT,Biomass,2009,0,Gwa
NT,Biomass,2010,0,Gwa
NT,Biomass,2011,0,Gwa
NT,Biomass,2012,0,Gwa
NT,Biomass,2013,0,Gwa
NT,Biomass,2014,0,Gwa
NT,Biomass,2015,0,Gwa
NT,Biomass,2016,0,Gwa
NU,Biomass,2005,0,Gwa
NU,Biomass,2006,0,Gwa
NU,Biomass,2007,0,Gwa
NU,Biomass,2008,0,Gwa
NU,Biomass,2009,0,Gwa
NU,Biomass,2010,0,Gwa
NU,Biomass,2011,0,Gwa
NU,Biomass,2012,0,Gwa
NU,Biomass,2013,0,Gwa
NU,Biomass,2014,0,Gwa
NU,Biomass,2015,0,Gwa
NU,Biomass,2016,0,Gwa
Canada,Coal,2005,11.0445433789954,Gwa
Canada,Coal,2006,10.4622374429224,Gwa
Canada,Coal,2007,11.1039611872146,Gwa
Canada,Coal,2008,10.4382420091324,Gwa
Canada,Coal,2009,8.73691780821918,Gwa
Canada,Coal,2010,8.86698630136986,Gwa
Canada,Coal,2011,7.43735159817352,Gwa
Canada,Coal,2012,7.27445205479452,Gwa
Canada,Coal,2013,7.35699771689498,Gwa
Canada,Coal,2014,7.71998219178082,Gwa
Canada,Coal,2015,7.10687424657534,Gwa
Canada,Coal,2016,6.89197260273973,Gwa
BC,Coal,2005,0,Gwa
BC,Coal,2006,0,Gwa
BC,Coal,2007,0,Gwa
BC,Coal,2008,0,Gwa
BC,Coal,2009,0,Gwa
BC,Coal,2010,0,Gwa
BC,Coal,2011,0,Gwa
BC,Coal,2012,0,Gwa
BC,Coal,2013,0,Gwa
BC,Coal,2014,0,Gwa
BC,Coal,2015,0,Gwa
BC,Coal,2016,0,Gwa
AB,Coal,2005,5.02123287671233,Gwa
AB,Coal,2006,5.08344748858448,Gwa
AB,Coal,2007,5.05456621004566,Gwa
AB,Coal,2008,4.84235159817352,Gwa
AB,Coal,2009,4.70673515981735,Gwa
AB,Coal,2010,4.69406392694064,Gwa
AB,Coal,2011,4.43595890410959,Gwa
AB,Coal,2012,4.3689497716895,Gwa
AB,Coal,2013,4.47328767123288,Gwa
AB,Coal,2014,5.07328767123288,Gwa
AB,Coal,2015,4.72351598173516,Gwa
AB,Coal,2016,4.45209726027397,Gwa
SK,Coal,2005,1.50993150684932,Gwa
SK,Coal,2006,1.46164383561644,Gwa
SK,Coal,2007,1.57260273972603,Gwa
SK,Coal,2008,1.61267123287671,Gwa
SK,Coal,2009,1.65787671232877,Gwa
SK,Coal,2010,1.54988584474886,Gwa
SK,Coal,2011,1.512100456621,Gwa
SK,Coal,2012,1.50045662100457,Gwa
SK,Coal,2013,1.55901826484018,Gwa
SK,Coal,2014,1.46050228310502,Gwa
SK,Coal,2015,1.46929223744292,Gwa
SK,Coal,2016,1.37438424657534,Gwa
MB,Coal,2005,0.048070776255708,Gwa
MB,Coal,2006,0.036872146118722,Gwa
MB,Coal,2007,0.044315068493151,Gwa
MB,Coal,2008,0.044223744292238,Gwa
MB,Coal,2009,0.016027397260274,Gwa
MB,Coal,2010,0.005068493150685,Gwa
MB,Coal,2011,0.005673515981735,Gwa
MB,Coal,2012,0.00587899543379,Gwa
MB,Coal,2013,0.007465753424658,Gwa
MB,Coal,2014,0.007865296803653,Gwa
MB,Coal,2015,0.012134703196347,Gwa
MB,Coal,2016,0.003251940639269,Gwa
ON,Coal,2005,3.35970319634703,Gwa
ON,Coal,2006,2.79737442922374,Gwa
ON,Coal,2007,3.27694063926941,Gwa
ON,Coal,2008,2.70570776255708,Gwa
ON,Coal,2009,1.22431506849315,Gwa
ON,Coal,2010,1.58127853881279,Gwa
ON,Coal,2011,0.502511415525114,Gwa
ON,Coal,2012,0.546575342465753,Gwa
ON,Coal,2013,0.407077625570776,Gwa
ON,Coal,2014,0.003995433789954,Gwa
ON,Coal,2015,0,Gwa
ON,Coal,2016,0,Gwa
QC,Coal,2005,0,Gwa
QC,Coal,2006,0,Gwa
QC,Coal,2007,0,Gwa
QC,Coal,2008,0,Gwa
QC,Coal,2009,0,Gwa
QC,Coal,2010,0,Gwa
QC,Coal,2011,0,Gwa
QC,Coal,2012,0,Gwa
QC,Coal,2013,0,Gwa
QC,Coal,2014,0,Gwa
QC,Coal,2015,0,Gwa
QC,Coal,2016,0,Gwa
NB,Coal,2005,0.333504566210046,Gwa
NB,Coal,2006,0.334292237442922,Gwa
NB,Coal,2007,0.332694063926941,Gwa
NB,Coal,2008,0.34365296803653,Gwa
NB,Coal,2009,0.337283105022831,Gwa
NB,Coal,2010,0.261369863013699,Gwa
NB,Coal,2011,0.29439497716895,Gwa
NB,Coal,2012,0.236986301369863,Gwa
NB,Coal,2013,0.281929223744292,Gwa
NB,Coal,2014,0.415570776255708,Gwa
NB,Coal,2015,0.270892511415525,Gwa
NB,Coal,2016,0.359319063926941,Gwa
NS,Coal,2005,0.772100456621005,Gwa
NS,Coal,2006,0.748607305936073,Gwa
NS,Coal,2007,0.822842465753425,Gwa
NS,Coal,2008,0.889634703196347,Gwa
NS,Coal,2009,0.794680365296804,Gwa
NS,Coal,2010,0.775319634703196,Gwa
NS,Coal,2011,0.686712328767123,Gwa
NS,Coal,2012,0.61560502283105,Gwa
NS,Coal,2013,0.628219178082192,Gwa
NS,Coal,2014,0.758760730593607,Gwa
NS,Coal,2015,0.631038812785388,Gwa
NS,Coal,2016,0.702920091324201,Gwa
NL,Coal,2005,0,Gwa
NL,Coal,2006,0,Gwa
NL,Coal,2007,0,Gwa
NL,Coal,2008,0,Gwa
NL,Coal,2009,0,Gwa
NL,Coal,2010,0,Gwa
NL,Coal,2011,0,Gwa
NL,Coal,2012,0,Gwa
NL,Coal,2013,0,Gwa
NL,Coal,2014,0,Gwa
NL,Coal,2015,0,Gwa
NL,Coal,2016,0,Gwa
PE,Coal,2005,0,Gwa
PE,Coal,2006,0,Gwa
PE,Coal,2007,0,Gwa
PE,Coal,2008,0,Gwa
PE,Coal,2009,0,Gwa
PE,Coal,2010,0,Gwa
PE,Coal,2011,0,Gwa
PE,Coal,2012,0,Gwa
PE,Coal,2013,0,Gwa
PE,Coal,2014,0,Gwa
PE,Coal,2015,0,Gwa
PE,Coal,2016,0,Gwa
YT,Coal,2005,0,Gwa
YT,Coal,2006,0,Gwa
YT,Coal,2007,0,Gwa
YT,Coal,2008,0,Gwa
YT,Coal,2009,0,Gwa
YT,Coal,2010,0,Gwa
YT,Coal,2011,0,Gwa
YT,Coal,2012,0,Gwa
YT,Coal,2013,0,Gwa
YT,Coal,2014,0,Gwa
YT,Coal,2015,0,Gwa
YT,Coal,2016,0,Gwa
NT,Coal,2005,0,Gwa
NT,Coal,2006,0,Gwa
NT,Coal,2007,0,Gwa
NT,Coal,2008,0,Gwa
NT,Coal,2009,0,Gwa
NT,Coal,2010,0,Gwa
NT,Coal,2011,0,Gwa
NT,Coal,2012,0,Gwa
NT,Coal,2013,0,Gwa
NT,Coal,2014,0,Gwa
NT,Coal,2015,0,Gwa
NT,Coal,2016,0,Gwa
NU,Coal,2005,0,Gwa
NU,Coal,2006,0,Gwa
NU,Coal,2007,0,Gwa
NU,Coal,2008,0,Gwa
NU,Coal,2009,0,Gwa
NU,Coal,2010,0,Gwa
NU,Coal,2011,0,Gwa
NU,Coal,2012,0,Gwa
NU,Coal,2013,0,Gwa
NU,Coal,2014,0,Gwa
NU,Coal,2015,0,Gwa
NU,Coal,2016,0,Gwa
Canada,Hydro,2005,40.9117537557078,Gwa
Canada,Hydro,2006,39.8952012442922,Gwa
Canada,Hydro,2007,41.5621830936073,Gwa
Canada,Hydro,2008,42.6947082191781,Gwa
Canada,Hydro,2009,41.6901076484018,Gwa
Canada,Hydro,2010,39.7388160958904,Gwa
Canada,Hydro,2011,42.4936377853881,Gwa
Canada,Hydro,2012,42.9736071917808,Gwa
Canada,Hydro,2013,44.2885582191781,Gwa
Canada,Hydro,2014,43.2383047945205,Gwa
Canada,Hydro,2015,42.7073016894977,Gwa
Canada,Hydro,2016,43.7662595890411,Gwa
BC,Hydro,2005,6.88664383561644,Gwa
BC,Hydro,2006,6.1925799086758,Gwa
BC,Hydro,2007,7.33869863013699,Gwa
BC,Hydro,2008,6.70079908675799,Gwa
BC,Hydro,2009,6.44543378995434,Gwa
BC,Hydro,2010,6.18173515981735,Gwa
BC,Hydro,2011,6.96769406392694,Gwa
BC,Hydro,2012,7.43618721461187,Gwa
BC,Hydro,2013,6.76061643835616,Gwa
BC,Hydro,2014,6.5722602739726,Gwa
BC,Hydro,2015,6.88859360730594,Gwa
BC,Hydro,2016,7.47994383561644,Gwa
AB,Hydro,2005,0.264383561643836,Gwa
AB,Hydro,2006,0.224429223744292,Gwa
AB,Hydro,2007,0.2412100456621,Gwa
AB,Hydro,2008,0.245433789954338,Gwa
AB,Hydro,2009,0.193493150684932,Gwa
AB,Hydro,2010,0.184931506849315,Gwa
AB,Hydro,2011,0.232420091324201,Gwa
AB,Hydro,2012,0.26472602739726,Gwa
AB,Hydro,2013,0.231506849315068,Gwa
AB,Hydro,2014,0.212442922374429,Gwa
AB,Hydro,2015,0.195091324200913,Gwa
AB,Hydro,2016,0.260470547945205,Gwa
SK,Hydro,2005,0.52203196347032,Gwa
SK,Hydro,2006,0.46027397260274,Gwa
SK,Hydro,2007,0.50148401826484,Gwa
SK,Hydro,2008,0.460045662100457,Gwa
SK,Hydro,2009,0.338127853881278,Gwa
SK,Hydro,2010,0.441324200913242,Gwa
SK,Hydro,2011,0.529794520547945,Gwa
SK,Hydro,2012,0.484018264840183,Gwa
SK,Hydro,2013,0.507876712328767,Gwa
SK,Hydro,2014,0.537214611872146,Gwa
SK,Hydro,2015,0.391022602739726,Gwa
SK,Hydro,2016,0.374973630136986,Gwa
MB,Hydro,2005,4.15981735159817,Gwa
MB,Hydro,2006,3.84143835616438,Gwa
MB,Hydro,2007,3.82568493150685,Gwa
MB,Hydro,2008,3.94840182648402,Gwa
MB,Hydro,2009,3.82979452054795,Gwa
MB,Hydro,2010,3.79783105022831,Gwa
MB,Hydro,2011,3.90479452054795,Gwa
MB,Hydro,2012,3.67408675799087,Gwa
MB,Hydro,2013,4.03390410958904,Gwa
MB,Hydro,2014,3.93778538812785,Gwa
MB,Hydro,2015,3.96967351598173,Gwa
MB,Hydro,2016,4.06386358447489,Gwa
ON,Hydro,2005,4.05022831050228,Gwa
ON,Hydro,2006,4.11324200913242,Gwa
ON,Hydro,2007,3.91723744292237,Gwa
ON,Hydro,2008,4.5222602739726,Gwa
ON,Hydro,2009,4.53025114155251,Gwa
ON,Hydro,2010,3.71632420091324,Gwa
ON,Hydro,2011,3.98481735159817,Gwa
ON,Hydro,2012,3.86837899543379,Gwa
ON,Hydro,2013,4.33059360730594,Gwa
ON,Hydro,2014,4.47477168949772,Gwa
ON,Hydro,2015,4.03641552511416,Gwa
ON,Hydro,2016,4.0283252283105,Gwa
QC,Hydro,2005,19.789497716895,Gwa
QC,Hydro,2006,19.7021689497717,Gwa
QC,Hydro,2007,20.6735159817352,Gwa
QC,Hydro,2008,21.4487442922374,Gwa
QC,Hydro,2009,21.6236301369863,Gwa
QC,Hydro,2010,20.2522831050228,Gwa
QC,Hydro,2011,21.6543378995434,Gwa
QC,Hydro,2012,21.9146118721461,Gwa
QC,Hydro,2013,23.1198630136986,Gwa
QC,Hydro,2014,22.5122146118721,Gwa
QC,Hydro,2015,22.2077625570776,Gwa
QC,Hydro,2016,22.5163100456621,Gwa
NB,Hydro,2005,0.442351598173516,Gwa
NB,Hydro,2006,0.425913242009132,Gwa
NB,Hydro,2007,0.318922488584475,Gwa
NB,Hydro,2008,0.403663698630137,Gwa
NB,Hydro,2009,0.338383675799087,Gwa
NB,Hydro,2010,0.37960605022831,Gwa
NB,Hydro,2011,0.447635502283105,Gwa
NB,Hydro,2012,0.337589155251141,Gwa
NB,Hydro,2013,0.38930502283105,Gwa
NB,Hydro,2014,0.33825502283105,Gwa
NB,Hydro,2015,0.29822203196347,Gwa
NB,Hydro,2016,0.357771461187215,Gwa
NS,Hydro,2005,0.107429554794521,Gwa
NS,Hydro,2006,0.107429554794521,Gwa
NS,Hydro,2007,0.107429554794521,Gwa
NS,Hydro,2008,0.126904223744292,Gwa
NS,Hydro,2009,0.126038127853881,Gwa
NS,Hydro,2010,0.118206735159817,Gwa
NS,Hydro,2011,0.129973630136986,Gwa
NS,Hydro,2012,0.100299657534247,Gwa
NS,Hydro,2013,0.116505479452055,Gwa
NS,Hydro,2014,0.130825570776256,Gwa
NS,Hydro,2015,0.115935662100457,Gwa
NS,Hydro,2016,0.100418721461187,Gwa
NL,Hydro,2005,4.62305936073059,Gwa
NL,Hydro,2006,4.76141552511416,Gwa
NL,Hydro,2007,4.5716894977169,Gwa
NL,Hydro,2008,4.77054794520548,Gwa
NL,Hydro,2009,4.19269406392694,Gwa
NL,Hydro,2010,4.59805936073059,Gwa
NL,Hydro,2011,4.56815068493151,Gwa
NL,Hydro,2012,4.81575342465753,Gwa
NL,Hydro,2013,4.72876712328767,Gwa
NL,Hydro,2014,4.45753424657534,Gwa
NL,Hydro,2015,4.53044634703196,Gwa
NL,Hydro,2016,4.50717328767123,Gwa
PE,Hydro,2005,0,Gwa
PE,Hydro,2006,0,Gwa
PE,Hydro,2007,0,Gwa
PE,Hydro,2008,0,Gwa
PE,Hydro,2009,0,Gwa
PE,Hydro,2010,0,Gwa
PE,Hydro,2011,0,Gwa
PE,Hydro,2012,0,Gwa
PE,Hydro,2013,0,Gwa
PE,Hydro,2014,0,Gwa
PE,Hydro,2015,0,Gwa
PE,Hydro,2016,0,Gwa
YT,Hydro,2005,0.037743493150685,Gwa
YT,Hydro,2006,0.037743493150685,Gwa
YT,Hydro,2007,0.037743493150685,Gwa
YT,Hydro,2008,0.039759589041096,Gwa
YT,Hydro,2009,0.043271232876712,Gwa
YT,Hydro,2010,0.043428196347032,Gwa
YT,Hydro,2011,0.044299885844749,Gwa
YT,Hydro,2012,0.049108904109589,Gwa
YT,Hydro,2013,0.039633219178082,Gwa
YT,Hydro,2014,0.038297716894977,Gwa
YT,Hydro,2015,0.048156278538813,Gwa
YT,Hydro,2016,0.047883675799087,Gwa
NT,Hydro,2005,0.02856700913242,Gwa
NT,Hydro,2006,0.02856700913242,Gwa
NT,Hydro,2007,0.02856700913242,Gwa
NT,Hydro,2008,0.028147831050228,Gwa
NT,Hydro,2009,0.0289899543379,Gwa
NT,Hydro,2010,0.025086529680365,Gwa
NT,Hydro,2011,0.029719634703196,Gwa
NT,Hydro,2012,0.028846917808219,Gwa
NT,Hydro,2013,0.029986643835617,Gwa
NT,Hydro,2014,0.026702739726027,Gwa
NT,Hydro,2015,0.025982237442922,Gwa
NT,Hydro,2016,0.029125570776256,Gwa
NU,Hydro,2005,0,Gwa
NU,Hydro,2006,0,Gwa
NU,Hydro,2007,0,Gwa
NU,Hydro,2008,0,Gwa
NU,Hydro,2009,0,Gwa
NU,Hydro,2010,0,Gwa
NU,Hydro,2011,0,Gwa
NU,Hydro,2012,0,Gwa
NU,Hydro,2013,0,Gwa
NU,Hydro,2014,0,Gwa
NU,Hydro,2015,0,Gwa
NU,Hydro,2016,0,Gwa
Canada,Natural Gas,2005,4.66604309360731,Gwa
Canada,Natural Gas,2006,5.07242437214612,Gwa
Canada,Natural Gas,2007,5.52293807077626,Gwa
Canada,Natural Gas,2008,5.09099825342466,Gwa
Canada,Natural Gas,2009,5.39409950913242,Gwa
Canada,Natural Gas,2010,6.30632318493151,Gwa
Canada,Natural Gas,2011,7.29113261415525,Gwa
Canada,Natural Gas,2012,7.45212207762557,Gwa
Canada,Natural Gas,2013,6.94475148401827,Gwa
Canada,Natural Gas,2014,6.9528323173516,Gwa
Canada,Natural Gas,2015,7.54109581050228,Gwa
Canada,Natural Gas,2016,7.13605171232877,Gwa
BC,Natural Gas,2005,0.393264840182648,Gwa
BC,Natural Gas,2006,0.375799086757991,Gwa
BC,Natural Gas,2007,0.393264840182648,Gwa
BC,Natural Gas,2008,0.375833333333333,Gwa
BC,Natural Gas,2009,0.296826484018265,Gwa
BC,Natural Gas,2010,0.339817351598174,Gwa
BC,Natural Gas,2011,0.36810502283105,Gwa
BC,Natural Gas,2012,0.386849315068493,Gwa
BC,Natural Gas,2013,0.196575342465753,Gwa
BC,Natural Gas,2014,0.359703196347032,Gwa
BC,Natural Gas,2015,0.377283105022831,Gwa
BC,Natural Gas,2016,0.127299200913242,Gwa
AB,Natural Gas,2005,2.24396546803653,Gwa
AB,Natural Gas,2006,2.56770976027397,Gwa
AB,Natural Gas,2007,2.60663670091324,Gwa
AB,Natural Gas,2008,2.70316426940639,Gwa
AB,Natural Gas,2009,2.94685105022831,Gwa
AB,Natural Gas,2010,3.11402707762557,Gwa
AB,Natural Gas,2011,3.17387196347032,Gwa
AB,Natural Gas,2012,3.39995261415525,Gwa
AB,Natural Gas,2013,3.59777417808219,Gwa
AB,Natural Gas,2014,3.52749579908676,Gwa
AB,Natural Gas,2015,3.67751141552511,Gwa
AB,Natural Gas,2016,3.78812785388128,Gwa
SK,Natural Gas,2005,0.208561643835616,Gwa
SK,Natural Gas,2006,0.248630136986301,Gwa
SK,Natural Gas,2007,0.205479452054794,Gwa
SK,Natural Gas,2008,0.343835616438356,Gwa
SK,Natural Gas,2009,0.306735159817352,Gwa
SK,Natural Gas,2010,0.278196347031963,Gwa
SK,Natural Gas,2011,0.298401826484018,Gwa
SK,Natural Gas,2012,0.365182648401826,Gwa
SK,Natural Gas,2013,0.503995433789954,Gwa
SK,Natural Gas,2014,0.578424657534247,Gwa
SK,Natural Gas,2015,0.741780821917808,Gwa
SK,Natural Gas,2016,0.938457420091324,Gwa
MB,Natural Gas,2005,0.0012100456621,Gwa
MB,Natural Gas,2006,0.005867579908676,Gwa
MB,Natural Gas,2007,0.007853881278539,Gwa
MB,Natural Gas,2008,0.002351598173516,Gwa
MB,Natural Gas,2009,0.004497716894977,Gwa
MB,Natural Gas,2010,0.002614155251142,Gwa
MB,Natural Gas,2011,0.004691780821918,Gwa
MB,Natural Gas,2012,0.004667488584475,Gwa
MB,Natural Gas,2013,0.0027349543379,Gwa
MB,Natural Gas,2014,0.002882180365297,Gwa
MB,Natural Gas,2015,0.020890410958904,Gwa
MB,Natural Gas,2016,0.001333675799087,Gwa
ON,Natural Gas,2005,1.49335616438356,Gwa
ON,Natural Gas,2006,1.36288812785388,Gwa
ON,Natural Gas,2007,1.49977168949772,Gwa
ON,Natural Gas,2008,1.25813926940639,Gwa
ON,Natural Gas,2009,1.33694063926941,Gwa
ON,Natural Gas,2010,1.99767123287671,Gwa
ON,Natural Gas,2011,2.83928082191781,Gwa
ON,Natural Gas,2012,2.73676940639269,Gwa
ON,Natural Gas,2013,2.18175799086758,Gwa
ON,Natural Gas,2014,1.86263698630137,Gwa
ON,Natural Gas,2015,2.21495433789954,Gwa
ON,Natural Gas,2016,1.46788105022831,Gwa
QC,Natural Gas,2005,0.030707762557078,Gwa
QC,Natural Gas,2006,0.151369863013699,Gwa
QC,Natural Gas,2007,0.450342465753425,Gwa
QC,Natural Gas,2008,0.026027397260274,Gwa
QC,Natural Gas,2009,0.03013698630137,Gwa
QC,Natural Gas,2010,0.025913242009133,Gwa
QC,Natural Gas,2011,0.024771689497717,Gwa
QC,Natural Gas,2012,0.026027397260274,Gwa
QC,Natural Gas,2013,0.017123287671233,Gwa
QC,Natural Gas,2014,0.013356164383562,Gwa
QC,Natural Gas,2015,0.011415525114155,Gwa
QC,Natural Gas,2016,0.007424771689498,Gwa
NB,Natural Gas,2005,0.226027397260274,Gwa
NB,Natural Gas,2006,0.2662100456621,Gwa
NB,Natural Gas,2007,0.214155251141552,Gwa
NB,Natural Gas,2008,0.169292237442922,Gwa
NB,Natural Gas,2009,0.225342465753425,Gwa
NB,Natural Gas,2010,0.232305936073059,Gwa
NB,Natural Gas,2011,0.24851598173516,Gwa
NB,Natural Gas,2012,0.224543378995434,Gwa
NB,Natural Gas,2013,0.224429223744292,Gwa
NB,Natural Gas,2014,0.288356164383562,Gwa
NB,Natural Gas,2015,0.252511415525114,Gwa
NB,Natural Gas,2016,0.269297146118721,Gwa
NS,Natural Gas,2005,0.020662100456621,Gwa
NS,Natural Gas,2006,0.044406392694064,Gwa
NS,Natural Gas,2007,0.100684931506849,Gwa
NS,Natural Gas,2008,0.143607305936073,Gwa
NS,Natural Gas,2009,0.184018264840183,Gwa
NS,Natural Gas,2010,0.260045662100457,Gwa
NS,Natural Gas,2011,0.277739726027397,Gwa
NS,Natural Gas,2012,0.25810502283105,Gwa
NS,Natural Gas,2013,0.157077625570776,Gwa
NS,Natural Gas,2014,0.200570776255708,Gwa
NS,Natural Gas,2015,0.129794520547945,Gwa
NS,Natural Gas,2016,0.142009132420091,Gwa
NL,Natural Gas,2005,0.030707762557078,Gwa
NL,Natural Gas,2006,0.031963470319635,Gwa
NL,Natural Gas,2007,0.02716894977169,Gwa
NL,Natural Gas,2008,0.052879646118722,Gwa
NL,Natural Gas,2009,0.051791837899543,Gwa
NL,Natural Gas,2010,0.052649988584475,Gwa
NL,Natural Gas,2011,0.051986678082192,Gwa
NL,Natural Gas,2012,0.048426632420091,Gwa
NL,Natural Gas,2013,0.051411301369863,Gwa
NL,Natural Gas,2014,0.116095890410959,Gwa
NL,Natural Gas,2015,0.105251141552511,Gwa
NL,Natural Gas,2016,0.0577474543379,Gwa
PE,Natural Gas,2005,0,Gwa
PE,Natural Gas,2006,0,Gwa
PE,Natural Gas,2007,0,Gwa
PE,Natural Gas,2008,0,Gwa
PE,Natural Gas,2009,0,Gwa
PE,Natural Gas,2010,0,Gwa
PE,Natural Gas,2011,0,Gwa
PE,Natural Gas,2012,0,Gwa
PE,Natural Gas,2013,0,Gwa
PE,Natural Gas,2014,0,Gwa
PE,Natural Gas,2015,0,Gwa
PE,Natural Gas,2016,0,Gwa
YT,Natural Gas,2005,0,Gwa
YT,Natural Gas,2006,0,Gwa
YT,Natural Gas,2007,0,Gwa
YT,Natural Gas,2008,0,Gwa
YT,Natural Gas,2009,0,Gwa
YT,Natural Gas,2010,0,Gwa
YT,Natural Gas,2011,0,Gwa
YT,Natural Gas,2012,0,Gwa
YT,Natural Gas,2013,0,Gwa
YT,Natural Gas,2014,0,Gwa
YT,Natural Gas,2015,0,Gwa
YT,Natural Gas,2016,0.000371118721461,Gwa
NT,Natural Gas,2005,0.017579908675799,Gwa
NT,Natural Gas,2006,0.017579908675799,Gwa
NT,Natural Gas,2007,0.017579908675799,Gwa
NT,Natural Gas,2008,0.015867579908676,Gwa
NT,Natural Gas,2009,0.010958904109589,Gwa
NT,Natural Gas,2010,0.003082191780822,Gwa
NT,Natural Gas,2011,0.003767123287671,Gwa
NT,Natural Gas,2012,0.001598173515982,Gwa
NT,Natural Gas,2013,0.011872146118722,Gwa
NT,Natural Gas,2014,0.003310502283105,Gwa
NT,Natural Gas,2015,0.009703116438356,Gwa
NT,Natural Gas,2016,0.001621575342466,Gwa
NU,Natural Gas,2005,0,Gwa
NU,Natural Gas,2006,0,Gwa
NU,Natural Gas,2007,0,Gwa
NU,Natural Gas,2008,0,Gwa
NU,Natural Gas,2009,0,Gwa
NU,Natural Gas,2010,0,Gwa
NU,Natural Gas,2011,0,Gwa
NU,Natural Gas,2012,0,Gwa
NU,Natural Gas,2013,0,Gwa
NU,Natural Gas,2014,0,Gwa
NU,Natural Gas,2015,0,Gwa
NU,Natural Gas,2016,0,Gwa
Canada,Nuclear,2005,9.89367317351598,Gwa
Canada,Nuclear,2006,10.5187873287671,Gwa
Canada,Nuclear,2007,10.0674174657534,Gwa
Canada,Nuclear,2008,10.3407797945206,Gwa
Canada,Nuclear,2009,9.7023149543379,Gwa
Canada,Nuclear,2010,9.76330913242009,Gwa
Canada,Nuclear,2011,10.0789059360731,Gwa
Canada,Nuclear,2012,10.2154815068493,Gwa
Canada,Nuclear,2013,11.139497716895,Gwa
Canada,Nuclear,2014,11.5961187214612,Gwa
Canada,Nuclear,2015,10.9226068493151,Gwa
Canada,Nuclear,2016,10.8924788812785,Gwa
BC,Nuclear,2005,0,Gwa
BC,Nuclear,2006,0,Gwa
BC,Nuclear,2007,0,Gwa
BC,Nuclear,2008,0,Gwa
BC,Nuclear,2009,0,Gwa
BC,Nuclear,2010,0,Gwa
BC,Nuclear,2011,0,Gwa
BC,Nuclear,2012,0,Gwa
BC,Nuclear,2013,0,Gwa
BC,Nuclear,2014,0,Gwa
BC,Nuclear,2015,0,Gwa
BC,Nuclear,2016,0,Gwa
AB,Nuclear,2005,0,Gwa
AB,Nuclear,2006,0,Gwa
AB,Nuclear,2007,0,Gwa
AB,Nuclear,2008,0,Gwa
AB,Nuclear,2009,0,Gwa
AB,Nuclear,2010,0,Gwa
AB,Nuclear,2011,0,Gwa
AB,Nuclear,2012,0,Gwa
AB,Nuclear,2013,0,Gwa
AB,Nuclear,2014,0,Gwa
AB,Nuclear,2015,0,Gwa
AB,Nuclear,2016,0,Gwa
SK,Nuclear,2005,0,Gwa
SK,Nuclear,2006,0,Gwa
SK,Nuclear,2007,0,Gwa
SK,Nuclear,2008,0,Gwa
SK,Nuclear,2009,0,Gwa
SK,Nuclear,2010,0,Gwa
SK,Nuclear,2011,0,Gwa
SK,Nuclear,2012,0,Gwa
SK,Nuclear,2013,0,Gwa
SK,Nuclear,2014,0,Gwa
SK,Nuclear,2015,0,Gwa
SK,Nuclear,2016,0,Gwa
MB,Nuclear,2005,0,Gwa
MB,Nuclear,2006,0,Gwa
MB,Nuclear,2007,0,Gwa
MB,Nuclear,2008,0,Gwa
MB,Nuclear,2009,0,Gwa
MB,Nuclear,2010,0,Gwa
MB,Nuclear,2011,0,Gwa
MB,Nuclear,2012,0,Gwa
MB,Nuclear,2013,0,Gwa
MB,Nuclear,2014,0,Gwa
MB,Nuclear,2015,0,Gwa
MB,Nuclear,2016,0,Gwa
ON,Nuclear,2005,8.90057077625571,Gwa
ON,Nuclear,2006,9.52705479452055,Gwa
ON,Nuclear,2007,9.10388127853881,Gwa
ON,Nuclear,2008,9.79817351598174,Gwa
ON,Nuclear,2009,9.29178082191781,Gwa
ON,Nuclear,2010,9.35787671232877,Gwa
ON,Nuclear,2011,9.67648401826484,Gwa
ON,Nuclear,2012,9.687899543379,Gwa
ON,Nuclear,2013,10.628196347032,Gwa
ON,Nuclear,2014,10.9812785388128,Gwa
ON,Nuclear,2015,10.4343607305936,Gwa
ON,Nuclear,2016,10.3736615296804,Gwa
QC,Nuclear,2005,0.493330707762557,Gwa
QC,Nuclear,2006,0.493330707762557,Gwa
QC,Nuclear,2007,0.493330707762557,Gwa
QC,Nuclear,2008,0.413725,Gwa
QC,Nuclear,2009,0.410534132420091,Gwa
QC,Nuclear,2010,0.405432420091324,Gwa
QC,Nuclear,2011,0.402421917808219,Gwa
QC,Nuclear,2012,0.480892465753425,Gwa
QC,Nuclear,2013,0,Gwa
QC,Nuclear,2014,0,Gwa
QC,Nuclear,2015,0,Gwa
QC,Nuclear,2016,0,Gwa
NB,Nuclear,2005,0.499771689497717,Gwa
NB,Nuclear,2006,0.498401826484018,Gwa
NB,Nuclear,2007,0.470205479452055,Gwa
NB,Nuclear,2008,0.128881278538813,Gwa
NB,Nuclear,2009,0,Gwa
NB,Nuclear,2010,0,Gwa
NB,Nuclear,2011,0,Gwa
NB,Nuclear,2012,0.046689497716895,Gwa
NB,Nuclear,2013,0.511301369863014,Gwa
NB,Nuclear,2014,0.614840182648402,Gwa
NB,Nuclear,2015,0.488246118721461,Gwa
NB,Nuclear,2016,0.518817351598174,Gwa
NS,Nuclear,2005,0,Gwa
NS,Nuclear,2006,0,Gwa
NS,Nuclear,2007,0,Gwa
NS,Nuclear,2008,0,Gwa
NS,Nuclear,2009,0,Gwa
NS,Nuclear,2010,0,Gwa
NS,Nuclear,2011,0,Gwa
NS,Nuclear,2012,0,Gwa
NS,Nuclear,2013,0,Gwa
NS,Nuclear,2014,0,Gwa
NS,Nuclear,2015,0,Gwa
NS,Nuclear,2016,0,Gwa
NL,Nuclear,2005,0,Gwa
NL,Nuclear,2006,0,Gwa
NL,Nuclear,2007,0,Gwa
NL,Nuclear,2008,0,Gwa
NL,Nuclear,2009,0,Gwa
NL,Nuclear,2010,0,Gwa
NL,Nuclear,2011,0,Gwa
NL,Nuclear,2012,0,Gwa
NL,Nuclear,2013,0,Gwa
NL,Nuclear,2014,0,Gwa
NL,Nuclear,2015,0,Gwa
NL,Nuclear,2016,0,Gwa
PE,Nuclear,2005,0,Gwa
PE,Nuclear,2006,0,Gwa
PE,Nuclear,2007,0,Gwa
PE,Nuclear,2008,0,Gwa
PE,Nuclear,2009,0,Gwa
PE,Nuclear,2010,0,Gwa
PE,Nuclear,2011,0,Gwa
PE,Nuclear,2012,0,Gwa
PE,Nuclear,2013,0,Gwa
PE,Nuclear,2014,0,Gwa
PE,Nuclear,2015,0,Gwa
PE,Nuclear,2016,0,Gwa
YT,Nuclear,2005,0,Gwa
YT,Nuclear,2006,0,Gwa
YT,Nuclear,2007,0,Gwa
YT,Nuclear,2008,0,Gwa
YT,Nuclear,2009,0,Gwa
YT,Nuclear,2010,0,Gwa
YT,Nuclear,2011,0,Gwa
YT,Nuclear,2012,0,Gwa
YT,Nuclear,2013,0,Gwa
YT,Nuclear,2014,0,Gwa
YT,Nuclear,2015,0,Gwa
YT,Nuclear,2016,0,Gwa
NT,Nuclear,2005,0,Gwa
NT,Nuclear,2006,0,Gwa
NT,Nuclear,2007,0,Gwa
NT,Nuclear,2008,0,Gwa
NT,Nuclear,2009,0,Gwa
NT,Nuclear,2010,0,Gwa
NT,Nuclear,2011,0,Gwa
NT,Nuclear,2012,0,Gwa
NT,Nuclear,2013,0,Gwa
NT,Nuclear,2014,0,Gwa
NT,Nuclear,2015,0,Gwa
NT,Nuclear,2016,0,Gwa
NU,Nuclear,2005,0,Gwa
NU,Nuclear,2006,0,Gwa
NU,Nuclear,2007,0,Gwa
NU,Nuclear,2008,0,Gwa
NU,Nuclear,2009,0,Gwa
NU,Nuclear,2010,0,Gwa
NU,Nuclear,2011,0,Gwa
NU,Nuclear,2012,0,Gwa
NU,Nuclear,2013,0,Gwa
NU,Nuclear,2014,0,Gwa
NU,Nuclear,2015,0,Gwa
NU,Nuclear,2016,0,Gwa
Canada,Oil and Diesel,2005,1.21097583333333,Gwa
Canada,Oil and Diesel,2006,0.753167728310502,Gwa
Canada,Oil and Diesel,2007,0.907790901826484,Gwa
Canada,Oil and Diesel,2008,0.824239817351598,Gwa
Canada,Oil and Diesel,2009,0.843132363013699,Gwa
Canada,Oil and Diesel,2010,0.600460091324201,Gwa
Canada,Oil and Diesel,2011,0.517915650684931,Gwa
Canada,Oil and Diesel,2012,0.480524748858448,Gwa
Canada,Oil and Diesel,2013,0.458465285388128,Gwa
Canada,Oil and Diesel,2014,0.368319828767123,Gwa
Canada,Oil and Diesel,2015,0.46130801369863,Gwa
Canada,Oil and Diesel,2016,0.392228767123288,Gwa
BC,Oil and Diesel,2005,0.010022831050228,Gwa
BC,Oil and Diesel,2006,0.003687214611872,Gwa
BC,Oil and Diesel,2007,0.010079908675799,Gwa
BC,Oil and Diesel,2008,0.01041095890411,Gwa
BC,Oil and Diesel,2009,0.01216894977169,Gwa
BC,Oil and Diesel,2010,0.011803652968037,Gwa
BC,Oil and Diesel,2011,0.01041095890411,Gwa
BC,Oil and Diesel,2012,0.005171232876712,Gwa
BC,Oil and Diesel,2013,0.011586757990868,Gwa
BC,Oil and Diesel,2014,0.02324200913242,Gwa
BC,Oil and Diesel,2015,0.030388127853881,Gwa
BC,Oil and Diesel,2016,0.006449543378995,Gwa
AB,Oil and Diesel,2005,0.001922842465753,Gwa
AB,Oil and Diesel,2006,0.001922842465753,Gwa
AB,Oil and Diesel,2007,0.001922842465753,Gwa
AB,Oil and Diesel,2008,0.001752865296804,Gwa
AB,Oil and Diesel,2009,0.000807534246575,Gwa
AB,Oil and Diesel,2010,0.001513139269406,Gwa
AB,Oil and Diesel,2011,0.001449726027397,Gwa
AB,Oil and Diesel,2012,0.00165149543379,Gwa
AB,Oil and Diesel,2013,0.001540890410959,Gwa
AB,Oil and Diesel,2014,0.001800764840183,Gwa
AB,Oil and Diesel,2015,0.001372853881279,Gwa
AB,Oil and Diesel,2016,0,Gwa
SK,Oil and Diesel,2005,0.002043378995434,Gwa
SK,Oil and Diesel,2006,0.00222602739726,Gwa
SK,Oil and Diesel,2007,0.002956621004566,Gwa
SK,Oil and Diesel,2008,0.002579908675799,Gwa
SK,Oil and Diesel,2009,0.002043378995434,Gwa
SK,Oil and Diesel,2010,0.002374429223744,Gwa
SK,Oil and Diesel,2011,0.001404109589041,Gwa
SK,Oil and Diesel,2012,0.0012899543379,Gwa
SK,Oil and Diesel,2013,0.001712328767123,Gwa
SK,Oil and Diesel,2014,0.001369863013699,Gwa
SK,Oil and Diesel,2015,0.001826484018265,Gwa
SK,Oil and Diesel,2016,4.62328767123288E-05,Gwa
MB,Oil and Diesel,2005,0.003595890410959,Gwa
MB,Oil and Diesel,2006,0.004646118721461,Gwa
MB,Oil and Diesel,2007,0.012237442922375,Gwa
MB,Oil and Diesel,2008,0.013162100456621,Gwa
MB,Oil and Diesel,2009,0.010513698630137,Gwa
MB,Oil and Diesel,2010,0.008858447488584,Gwa
MB,Oil and Diesel,2011,0.008082191780822,Gwa
MB,Oil and Diesel,2012,0.002454337899543,Gwa
MB,Oil and Diesel,2013,0.001061643835616,Gwa
MB,Oil and Diesel,2014,0.001415525114155,Gwa
MB,Oil and Diesel,2015,0.004920091324201,Gwa
MB,Oil and Diesel,2016,0.001771917808219,Gwa
ON,Oil and Diesel,2005,0.02104394977169,Gwa
ON,Oil and Diesel,2006,0.02104394977169,Gwa
ON,Oil and Diesel,2007,0.02104394977169,Gwa
ON,Oil and Diesel,2008,0.013556187214612,Gwa
ON,Oil and Diesel,2009,0.017378812785388,Gwa
ON,Oil and Diesel,2010,0.005343926940639,Gwa
ON,Oil and Diesel,2011,0.003465216894977,Gwa
ON,Oil and Diesel,2012,0.004647648401826,Gwa
ON,Oil and Diesel,2013,0.004437168949772,Gwa
ON,Oil and Diesel,2014,0.011352043378996,Gwa
ON,Oil and Diesel,2015,0.02703700913242,Gwa
ON,Oil and Diesel,2016,0.012396232876712,Gwa
QC,Oil and Diesel,2005,0.094006849315069,Gwa
QC,Oil and Diesel,2006,0.045764840182648,Gwa
QC,Oil and Diesel,2007,0.080331050228311,Gwa
QC,Oil and Diesel,2008,0.063276255707763,Gwa
QC,Oil and Diesel,2009,0.088892694063927,Gwa
QC,Oil and Diesel,2010,0.067077625570776,Gwa
QC,Oil and Diesel,2011,0.062328767123288,Gwa
QC,Oil and Diesel,2012,0.059189497716895,Gwa
QC,Oil and Diesel,2013,0.054212328767123,Gwa
QC,Oil and Diesel,2014,0.091175799086758,Gwa
QC,Oil and Diesel,2015,0.059166666666667,Gwa
QC,Oil and Diesel,2016,0.048366438356164,Gwa
NB,Oil and Diesel,2005,0.833321917808219,Gwa
NB,Oil and Diesel,2006,0.483698630136986,Gwa
NB,Oil and Diesel,2007,0.533401826484018,Gwa
NB,Oil and Diesel,2008,0.509874429223744,Gwa
NB,Oil and Diesel,2009,0.499041095890411,Gwa
NB,Oil and Diesel,2010,0.292751141552511,Gwa
NB,Oil and Diesel,2011,0.222157534246575,Gwa
NB,Oil and Diesel,2012,0.190319634703196,Gwa
NB,Oil and Diesel,2013,0.167374429223744,Gwa
NB,Oil and Diesel,2014,0.050262557077626,Gwa
NB,Oil and Diesel,2015,0.139636746575342,Gwa
NB,Oil and Diesel,2016,0.067505821917808,Gwa
NS,Oil and Diesel,2005,0.045331312785388,Gwa
NS,Oil and Diesel,2006,0.045331312785388,Gwa
NS,Oil and Diesel,2007,0.045331312785388,Gwa
NS,Oil and Diesel,2008,0.01652350456621,Gwa
NS,Oil and Diesel,2009,0.03069,Gwa
NS,Oil and Diesel,2010,0.042727659817352,Gwa
NS,Oil and Diesel,2011,0.057119828767123,Gwa
NS,Oil and Diesel,2012,0.066937842465754,Gwa
NS,Oil and Diesel,2013,0.04642850456621,Gwa
NS,Oil and Diesel,2014,0.02312546803653,Gwa
NS,Oil and Diesel,2015,0.025780753424658,Gwa
NS,Oil and Diesel,2016,0.017285159817352,Gwa
NL,Oil and Diesel,2005,0.148890856164384,Gwa
NL,Oil and Diesel,2006,0.093708321917808,Gwa
NL,Oil and Diesel,2007,0.148890856164384,Gwa
NL,Oil and Diesel,2008,0.129312168949772,Gwa
NL,Oil and Diesel,2009,0.127342431506849,Gwa
NL,Oil and Diesel,2010,0.115409269406393,Gwa
NL,Oil and Diesel,2011,0.117950742009132,Gwa
NL,Oil and Diesel,2012,0.113414703196347,Gwa
NL,Oil and Diesel,2013,0.133985776255708,Gwa
NL,Oil and Diesel,2014,0.092808219178082,Gwa
NL,Oil and Diesel,2015,0.111166107305936,Gwa
NL,Oil and Diesel,2016,0.206008219178082,Gwa
PE,Oil and Diesel,2005,0.000100342465753,Gwa
PE,Oil and Diesel,2006,0.000100342465753,Gwa
PE,Oil and Diesel,2007,0.000100342465753,Gwa
PE,Oil and Diesel,2008,5.50228310502283E-05,Gwa
PE,Oil and Diesel,2009,0.000310616438356,Gwa
PE,Oil and Diesel,2010,0,Gwa
PE,Oil and Diesel,2011,0,Gwa
PE,Oil and Diesel,2012,0.000931849315068,Gwa
PE,Oil and Diesel,2013,0.000247488584475,Gwa
PE,Oil and Diesel,2014,0.000228310502283,Gwa
PE,Oil and Diesel,2015,0.000114155251142,Gwa
PE,Oil and Diesel,2016,0.000650913242009,Gwa
YT,Oil and Diesel,2005,0.002522146118721,Gwa
YT,Oil and Diesel,2006,0.002522146118721,Gwa
YT,Oil and Diesel,2007,0.002522146118721,Gwa
YT,Oil and Diesel,2008,0.002549200913242,Gwa
YT,Oil and Diesel,2009,0.002116666666667,Gwa
YT,Oil and Diesel,2010,0.002829109589041,Gwa
YT,Oil and Diesel,2011,0.004208675799087,Gwa
YT,Oil and Diesel,2012,0.002781392694064,Gwa
YT,Oil and Diesel,2013,0.002658789954338,Gwa
YT,Oil and Diesel,2014,0.002589497716895,Gwa
YT,Oil and Diesel,2015,0.002364383561644,Gwa
YT,Oil and Diesel,2016,0.002714269406393,Gwa
NT,Oil and Diesel,2005,0.031963470319635,Gwa
NT,Oil and Diesel,2006,0.031963470319635,Gwa
NT,Oil and Diesel,2007,0.031963470319635,Gwa
NT,Oil and Diesel,2008,0.04041095890411,Gwa
NT,Oil and Diesel,2009,0.033333333333333,Gwa
NT,Oil and Diesel,2010,0.031278538812785,Gwa
NT,Oil and Diesel,2011,0.018150684931507,Gwa
NT,Oil and Diesel,2012,0.02054794520548,Gwa
NT,Oil and Diesel,2013,0.02203196347032,Gwa
NT,Oil and Diesel,2014,0.050913242009133,Gwa
NT,Oil and Diesel,2015,0.039713515981735,Gwa
NT,Oil and Diesel,2016,0.009341210045662,Gwa
NU,Oil and Diesel,2005,0.016210045662101,Gwa
NU,Oil and Diesel,2006,0.016552511415525,Gwa
NU,Oil and Diesel,2007,0.017009132420091,Gwa
NU,Oil and Diesel,2008,0.020776255707763,Gwa
NU,Oil and Diesel,2009,0.018493150684932,Gwa
NU,Oil and Diesel,2010,0.018493150684932,Gwa
NU,Oil and Diesel,2011,0.011187214611872,Gwa
NU,Oil and Diesel,2012,0.011187214611872,Gwa
NU,Oil and Diesel,2013,0.011187214611872,Gwa
NU,Oil and Diesel,2014,0.018036529680365,Gwa
NU,Oil and Diesel,2015,0.017821118721461,Gwa
NU,Oil and Diesel,2016,0.019692808219178,Gwa
Canada,Solar,2005,0,Gwa
Canada,Solar,2006,0,Gwa
Canada,Solar,2007,0,Gwa
Canada,Solar,2008,0,Gwa
Canada,Solar,2009,0.000570776255708,Gwa
Canada,Solar,2010,0.014041095890411,Gwa
Canada,Solar,2011,0.045433789954338,Gwa
Canada,Solar,2012,0.096118721461187,Gwa
Canada,Solar,2013,0.133904109589041,Gwa
Canada,Solar,2014,0.207305936073059,Gwa
Canada,Solar,2015,0.342579908675799,Gwa
Canada,Solar,2016,0.407305821917808,Gwa
BC,Solar,2005,0,Gwa
BC,Solar,2006,0,Gwa
BC,Solar,2007,0,Gwa
BC,Solar,2008,0,Gwa
BC,Solar,2009,0,Gwa
BC,Solar,2010,0,Gwa
BC,Solar,2011,0,Gwa
BC,Solar,2012,0,Gwa
BC,Solar,2013,0,Gwa
BC,Solar,2014,0,Gwa
BC,Solar,2015,0,Gwa
BC,Solar,2016,0,Gwa
AB,Solar,2005,0,Gwa
AB,Solar,2006,0,Gwa
AB,Solar,2007,0,Gwa
AB,Solar,2008,0,Gwa
AB,Solar,2009,0,Gwa
AB,Solar,2010,0,Gwa
AB,Solar,2011,0,Gwa
AB,Solar,2012,0,Gwa
AB,Solar,2013,0,Gwa
AB,Solar,2014,0,Gwa
AB,Solar,2015,0,Gwa
AB,Solar,2016,0,Gwa
SK,Solar,2005,0,Gwa
SK,Solar,2006,0,Gwa
SK,Solar,2007,0,Gwa
SK,Solar,2008,0,Gwa
SK,Solar,2009,0,Gwa
SK,Solar,2010,0,Gwa
SK,Solar,2011,0,Gwa
SK,Solar,2012,0,Gwa
SK,Solar,2013,0,Gwa
SK,Solar,2014,0,Gwa
SK,Solar,2015,0,Gwa
SK,Solar,2016,0,Gwa
MB,Solar,2005,0,Gwa
MB,Solar,2006,0,Gwa
MB,Solar,2007,0,Gwa
MB,Solar,2008,0,Gwa
MB,Solar,2009,0,Gwa
MB,Solar,2010,0,Gwa
MB,Solar,2011,0,Gwa
MB,Solar,2012,0,Gwa
MB,Solar,2013,0,Gwa
MB,Solar,2014,0,Gwa
MB,Solar,2015,0,Gwa
MB,Solar,2016,0,Gwa
ON,Solar,2005,0,Gwa
ON,Solar,2006,0,Gwa
ON,Solar,2007,0,Gwa
ON,Solar,2008,0,Gwa
ON,Solar,2009,0.000570776255708,Gwa
ON,Solar,2010,0.014041095890411,Gwa
ON,Solar,2011,0.045433789954338,Gwa
ON,Solar,2012,0.096118721461187,Gwa
ON,Solar,2013,0.133904109589041,Gwa
ON,Solar,2014,0.207305936073059,Gwa
ON,Solar,2015,0.342579908675799,Gwa
ON,Solar,2016,0.407106506849315,Gwa
QC,Solar,2005,0,Gwa
QC,Solar,2006,0,Gwa
QC,Solar,2007,0,Gwa
QC,Solar,2008,0,Gwa
QC,Solar,2009,0,Gwa
QC,Solar,2010,0,Gwa
QC,Solar,2011,0,Gwa
QC,Solar,2012,0,Gwa
QC,Solar,2013,0,Gwa
QC,Solar,2014,0,Gwa
QC,Solar,2015,0,Gwa
QC,Solar,2016,0.000169863013699,Gwa
NB,Solar,2005,0,Gwa
NB,Solar,2006,0,Gwa
NB,Solar,2007,0,Gwa
NB,Solar,2008,0,Gwa
NB,Solar,2009,0,Gwa
NB,Solar,2010,0,Gwa
NB,Solar,2011,0,Gwa
NB,Solar,2012,0,Gwa
NB,Solar,2013,0,Gwa
NB,Solar,2014,0,Gwa
NB,Solar,2015,0,Gwa
NB,Solar,2016,0,Gwa
NS,Solar,2005,0,Gwa
NS,Solar,2006,0,Gwa
NS,Solar,2007,0,Gwa
NS,Solar,2008,0,Gwa
NS,Solar,2009,0,Gwa
NS,Solar,2010,0,Gwa
NS,Solar,2011,0,Gwa
NS,Solar,2012,0,Gwa
NS,Solar,2013,0,Gwa
NS,Solar,2014,0,Gwa
NS,Solar,2015,0,Gwa
NS,Solar,2016,0,Gwa
NL,Solar,2005,0,Gwa
NL,Solar,2006,0,Gwa
NL,Solar,2007,0,Gwa
NL,Solar,2008,0,Gwa
NL,Solar,2009,0,Gwa
NL,Solar,2010,0,Gwa
NL,Solar,2011,0,Gwa
NL,Solar,2012,0,Gwa
NL,Solar,2013,0,Gwa
NL,Solar,2014,0,Gwa
NL,Solar,2015,0,Gwa
NL,Solar,2016,0,Gwa
PE,Solar,2005,0,Gwa
PE,Solar,2006,0,Gwa
PE,Solar,2007,0,Gwa
PE,Solar,2008,0,Gwa
PE,Solar,2009,0,Gwa
PE,Solar,2010,0,Gwa
PE,Solar,2011,0,Gwa
PE,Solar,2012,0,Gwa
PE,Solar,2013,0,Gwa
PE,Solar,2014,0,Gwa
PE,Solar,2015,0,Gwa
PE,Solar,2016,0,Gwa
YT,Solar,2005,0,Gwa
YT,Solar,2006,0,Gwa
YT,Solar,2007,0,Gwa
YT,Solar,2008,0,Gwa
YT,Solar,2009,0,Gwa
YT,Solar,2010,0,Gwa
YT,Solar,2011,0,Gwa
YT,Solar,2012,0,Gwa
YT,Solar,2013,0,Gwa
YT,Solar,2014,0,Gwa
YT,Solar,2015,0,Gwa
YT,Solar,2016,0,Gwa
NT,Solar,2005,0,Gwa
NT,Solar,2006,0,Gwa
NT,Solar,2007,0,Gwa
NT,Solar,2008,0,Gwa
NT,Solar,2009,0,Gwa
NT,Solar,2010,0,Gwa
NT,Solar,2011,0,Gwa
NT,Solar,2012,0,Gwa
NT,Solar,2013,0,Gwa
NT,Solar,2014,0,Gwa
NT,Solar,2015,0,Gwa
NT,Solar,2016,2.94520547945205E-05,Gwa
NU,Solar,2005,0,Gwa
NU,Solar,2006,0,Gwa
NU,Solar,2007,0,Gwa
NU,Solar,2008,0,Gwa
NU,Solar,2009,0,Gwa
NU,Solar,2010,0,Gwa
NU,Solar,2011,0,Gwa
NU,Solar,2012,0,Gwa
NU,Solar,2013,0,Gwa
NU,Solar,2014,0,Gwa
NU,Solar,2015,0,Gwa
NU,Solar,2016,0,Gwa
Canada,Wind,2005,0.16591404109589,Gwa
Canada,Wind,2006,0.288745091324201,Gwa
Canada,Wind,2007,0.420480251141553,Gwa
Canada,Wind,2008,0.538291894977169,Gwa
Canada,Wind,2009,0.802651598173516,Gwa
Canada,Wind,2010,0.955032534246575,Gwa
Canada,Wind,2011,1.34102762557078,Gwa
Canada,Wind,2012,1.59825856164384,Gwa
Canada,Wind,2013,2.00318230593607,Gwa
Canada,Wind,2014,2.49935319634703,Gwa
Canada,Wind,2015,3.23217333333333,Gwa
Canada,Wind,2016,3.47735456621005,Gwa
BC,Wind,2005,0,Gwa
BC,Wind,2006,0,Gwa
BC,Wind,2007,0,Gwa
BC,Wind,2008,0,Gwa
BC,Wind,2009,0.003881278538813,Gwa
BC,Wind,2010,0.014041095890411,Gwa
BC,Wind,2011,0.055365296803653,Gwa
BC,Wind,2012,0.057990867579909,Gwa
BC,Wind,2013,0.098173515981735,Gwa
BC,Wind,2014,0.122260273972603,Gwa
BC,Wind,2015,0.137671232876712,Gwa
BC,Wind,2016,0.120884474885845,Gwa
AB,Wind,2005,0.08458904109589,Gwa
AB,Wind,2006,0.10513698630137,Gwa
AB,Wind,2007,0.16324200913242,Gwa
AB,Wind,2008,0.168150684931507,Gwa
AB,Wind,2009,0.177853881278539,Gwa
AB,Wind,2010,0.185958904109589,Gwa
AB,Wind,2011,0.270776255707763,Gwa
AB,Wind,2012,0.296917808219178,Gwa
AB,Wind,2013,0.349086757990868,Gwa
AB,Wind,2014,0.401712328767123,Gwa
AB,Wind,2015,0.466780821917808,Gwa
AB,Wind,2016,0.64767203196347,Gwa
SK,Wind,2005,0.010502283105023,Gwa
SK,Wind,2006,0.06541095890411,Gwa
SK,Wind,2007,0.070776255707763,Gwa
SK,Wind,2008,0.065525114155251,Gwa
SK,Wind,2009,0.066095890410959,Gwa
SK,Wind,2010,0.057876712328767,Gwa
SK,Wind,2011,0.077853881278539,Gwa
SK,Wind,2012,0.074771689497717,Gwa
SK,Wind,2013,0.073744292237443,Gwa
SK,Wind,2014,0.072602739726027,Gwa
SK,Wind,2015,0.078082191780822,Gwa
SK,Wind,2016,0.083365639269406,Gwa
MB,Wind,2005,0.006050228310502,Gwa
MB,Wind,2006,0.037100456621005,Gwa
MB,Wind,2007,0.037100456621005,Gwa
MB,Wind,2008,0.04703196347032,Gwa
MB,Wind,2009,0.041666666666667,Gwa
MB,Wind,2010,0.039155251141553,Gwa
MB,Wind,2011,0.08527397260274,Gwa
MB,Wind,2012,0.100114155251142,Gwa
MB,Wind,2013,0.099086757990868,Gwa
MB,Wind,2014,0.103995433789954,Gwa
MB,Wind,2015,0.098173515981735,Gwa
MB,Wind,2016,0.098510502283105,Gwa
ON,Wind,2005,0.00296803652968,Gwa
ON,Wind,2006,0.016552511415525,Gwa
ON,Wind,2007,0.056392694063927,Gwa
ON,Wind,2008,0.159817351598174,Gwa
ON,Wind,2009,0.262557077625571,Gwa
ON,Wind,2010,0.319634703196347,Gwa
ON,Wind,2011,0.445205479452055,Gwa
ON,Wind,2012,0.525114155251142,Gwa
ON,Wind,2013,0.593607305936073,Gwa
ON,Wind,2014,0.776255707762557,Gwa
ON,Wind,2015,1.16438356164384,Gwa
ON,Wind,2016,1.38389121004566,Gwa
QC,Wind,2005,0.047488584474886,Gwa
QC,Wind,2006,0.047831050228311,Gwa
QC,Wind,2007,0.070433789954338,Gwa
QC,Wind,2008,0.064497716894977,Gwa
QC,Wind,2009,0.150913242009132,Gwa
QC,Wind,2010,0.176598173515982,Gwa
QC,Wind,2011,0.159817351598174,Gwa
QC,Wind,2012,0.292465753424658,Gwa
QC,Wind,2013,0.538926940639269,Gwa
QC,Wind,2014,0.759132420091324,Gwa
QC,Wind,2015,1.0203196347032,Gwa
QC,Wind,2016,0.840168264840183,Gwa
NB,Wind,2005,0,Gwa
NB,Wind,2006,0,Gwa
NB,Wind,2007,0,Gwa
NB,Wind,2008,0,Gwa
NB,Wind,2009,0.030821917808219,Gwa
NB,Wind,2010,0.044406392694064,Gwa
NB,Wind,2011,0.079109589041096,Gwa
NB,Wind,2012,0.083675799086758,Gwa
NB,Wind,2013,0.084132420091324,Gwa
NB,Wind,2014,0.08972602739726,Gwa
NB,Wind,2015,0.084132420091324,Gwa
NB,Wind,2016,0.097748173515982,Gwa
NS,Wind,2005,0.009703196347032,Gwa
NS,Wind,2006,0.012557077625571,Gwa
NS,Wind,2007,0.017922374429224,Gwa
NS,Wind,2008,0.017009132420091,Gwa
NS,Wind,2009,0.017579908675799,Gwa
NS,Wind,2010,0.044178082191781,Gwa
NS,Wind,2011,0.089269406392694,Gwa
NS,Wind,2012,0.091324200913242,Gwa
NS,Wind,2013,0.087328767123288,Gwa
NS,Wind,2014,0.085502283105023,Gwa
NS,Wind,2015,0.093415867579909,Gwa
NS,Wind,2016,0.117220547945205,Gwa
NL,Wind,2005,0,Gwa
NL,Wind,2006,0,Gwa
NL,Wind,2007,0,Gwa
NL,Wind,2008,0,Gwa
NL,Wind,2009,0.011643835616438,Gwa
NL,Wind,2010,0.020890410958904,Gwa
NL,Wind,2011,0.022602739726027,Gwa
NL,Wind,2012,0.022260273972603,Gwa
NL,Wind,2013,0.021917808219178,Gwa
NL,Wind,2014,0.020205479452055,Gwa
NL,Wind,2015,0.021575342465754,Gwa
NL,Wind,2016,0.021689155251142,Gwa
PE,Wind,2005,0.004566210045662,Gwa
PE,Wind,2006,0.004109589041096,Gwa
PE,Wind,2007,0.004566210045662,Gwa
PE,Wind,2008,0.016210045662101,Gwa
PE,Wind,2009,0.039611872146119,Gwa
PE,Wind,2010,0.052283105022831,Gwa
PE,Wind,2011,0.055707762557078,Gwa
PE,Wind,2012,0.053424657534247,Gwa
PE,Wind,2013,0.056963470319635,Gwa
PE,Wind,2014,0.067922374429224,Gwa
PE,Wind,2015,0.067009132420091,Gwa
PE,Wind,2016,0.064514269406393,Gwa
YT,Wind,2005,4.64611872146119E-05,Gwa
YT,Wind,2006,4.64611872146119E-05,Gwa
YT,Wind,2007,4.64611872146119E-05,Gwa
YT,Wind,2008,4.98858447488585E-05,Gwa
YT,Wind,2009,2.6027397260274E-05,Gwa
YT,Wind,2010,9.70319634703196E-06,Gwa
YT,Wind,2011,4.58904109589041E-05,Gwa
YT,Wind,2012,5.07990867579909E-05,Gwa
YT,Wind,2013,3.162100456621E-05,Gwa
YT,Wind,2014,3.81278538812785E-05,Gwa
YT,Wind,2015,2.94178082191781E-05,Gwa
YT,Wind,2016,5.81050228310502E-05,Gwa
NT,Wind,2005,0,Gwa
NT,Wind,2006,0,Gwa
NT,Wind,2007,0,Gwa
NT,Wind,2008,0,Gwa
NT,Wind,2009,0,Gwa
NT,Wind,2010,0,Gwa
NT,Wind,2011,0,Gwa
NT,Wind,2012,0.000148401826484,Gwa
NT,Wind,2013,0.000182648401826,Gwa
NT,Wind,2014,0,Gwa
NT,Wind,2015,0.000600194063927,Gwa
NT,Wind,2016,0.001632191780822,Gwa
NU,Wind,2005,0,Gwa
NU,Wind,2006,0,Gwa
NU,Wind,2007,0,Gwa
NU,Wind,2008,0,Gwa
NU,Wind,2009,0,Gwa
NU,Wind,2010,0,Gwa
NU,Wind,2011,0,Gwa
NU,Wind,2012,0,Gwa
NU,Wind,2013,0,Gwa
NU,Wind,2014,0,Gwa
NU,Wind,2015,0,Gwa
NU,Wind,2016,0,Gwa
