,node,commodity,level,year,time,value,unit
0,Alberta,i_feed,useful,2020,year,5.733169484530781,Gwa
1,Alberta,i_feed,useful,2025,year,5.839679936406331,Gwa
2,Alberta,i_feed,useful,2030,year,5.89112965210376,Gwa
3,Alberta,i_feed,useful,2035,year,6.134507588397941,Gwa
4,Alberta,i_feed,useful,2040,year,6.372088808657709,Gwa
5,Alberta,i_feed,useful,2045,year,6.572666747358545,Gwa
6,Alberta,i_feed,useful,2050,year,6.828691656150452,Gwa
7,Alberta,i_feed,useful,2055,year,7.09468949624125,Gwa
8,Alberta,i_feed,useful,2060,year,7.371048742952192,Gwa
9,Alberta,i_spec,useful,2020,year,8.2328132927448,Gwa
10,Alberta,i_spec,useful,2025,year,9.267820903094876,Gwa
11,Alberta,i_spec,useful,2030,year,9.797057331303906,Gwa
12,Alberta,i_spec,useful,2035,year,10.309487569761542,Gwa
13,Alberta,i_spec,useful,2040,year,10.654173008625063,Gwa
14,Alberta,i_spec,useful,2045,year,10.915461694571285,Gwa
15,Alberta,i_spec,useful,2050,year,11.047057331303906,Gwa
16,Alberta,i_spec,useful,2055,year,11.180239470934126,Gwa
17,Alberta,i_spec,useful,2060,year,11.315027240170904,Gwa
18,Alberta,i_therm,useful,2020,year,7.173072105955306,Gwa
19,Alberta,i_therm,useful,2025,year,7.165120449580609,Gwa
20,Alberta,i_therm,useful,2030,year,7.099220105198631,Gwa
21,Alberta,i_therm,useful,2035,year,7.388691835973488,Gwa
22,Alberta,i_therm,useful,2040,year,7.670620308490776,Gwa
23,Alberta,i_therm,useful,2045,year,7.932171978008089,Gwa
24,Alberta,i_therm,useful,2050,year,8.260194396457123,Gwa
25,Alberta,i_therm,useful,2055,year,8.60178166288266,Gwa
26,Alberta,i_therm,useful,2060,year,8.957494730104617,Gwa
27,Alberta,rc_spec,useful,2020,year,3.431950786402841,Gwa
28,Alberta,rc_spec,useful,2025,year,4.014142567224759,Gwa
29,Alberta,rc_spec,useful,2030,year,4.32648401826484,Gwa
30,Alberta,rc_spec,useful,2035,year,4.5928462709284625,Gwa
31,Alberta,rc_spec,useful,2040,year,4.793569254185693,Gwa
32,Alberta,rc_spec,useful,2045,year,5.023465246067986,Gwa
33,Alberta,rc_spec,useful,2050,year,5.279680365296803,Gwa
34,Alberta,rc_spec,useful,2055,year,5.548963393649272,Gwa
35,Alberta,rc_spec,useful,2060,year,5.831980842334325,Gwa
36,Alberta,rc_therm,useful,2020,year,3.758792364583854,Gwa
37,Alberta,rc_therm,useful,2025,year,4.452418685584055,Gwa
38,Alberta,rc_therm,useful,2030,year,4.834876340061456,Gwa
39,Alberta,rc_therm,useful,2035,year,5.041081419540644,Gwa
40,Alberta,rc_therm,useful,2040,year,5.232172416412848,Gwa
41,Alberta,rc_therm,useful,2045,year,5.439733679983432,Gwa
42,Alberta,rc_therm,useful,2050,year,5.648243907009165,Gwa
43,Alberta,rc_therm,useful,2055,year,5.86474653170214,Gwa
44,Alberta,rc_therm,useful,2060,year,6.089547910356641,Gwa
45,Alberta,transport,useful,2020,year,12.655377980720447,Gwa
46,Alberta,transport,useful,2025,year,14.280821917808218,Gwa
47,Alberta,transport,useful,2030,year,14.381976154236428,Gwa
48,Alberta,transport,useful,2035,year,14.405441400304413,Gwa
49,Alberta,transport,useful,2040,year,14.4853500761035,Gwa
50,Alberta,transport,useful,2045,year,14.67529173008625,Gwa
51,Alberta,transport,useful,2050,year,14.925164890918314,Gwa
52,Alberta,transport,useful,2055,year,15.179292590443888,Gwa
53,Alberta,transport,useful,2060,year,15.437747269814452,Gwa
54,BritishColumbia,i_feed,useful,2020,year,4.516005435740824,Gwa
55,BritishColumbia,i_feed,useful,2025,year,5.160744964499918,Gwa
56,BritishColumbia,i_feed,useful,2030,year,5.977696614236564,Gwa
57,BritishColumbia,i_feed,useful,2035,year,6.3096067223187475,Gwa
58,BritishColumbia,i_feed,useful,2040,year,6.679134011824971,Gwa
59,BritishColumbia,i_feed,useful,2045,year,7.03874697076447,Gwa
60,BritishColumbia,i_feed,useful,2050,year,7.193471355676716,Gwa
61,BritishColumbia,i_feed,useful,2055,year,7.3515968623207,Gwa
62,BritishColumbia,i_feed,useful,2060,year,7.5131982535015265,Gwa
63,BritishColumbia,i_spec,useful,2020,year,6.484969558599695,Gwa
64,BritishColumbia,i_spec,useful,2025,year,8.190322171486553,Gwa
65,BritishColumbia,i_spec,useful,2030,year,9.941019786910196,Gwa
66,BritishColumbia,i_spec,useful,2035,year,10.603754439370876,Gwa
67,BritishColumbia,i_spec,useful,2040,year,11.167554540842211,Gwa
68,BritishColumbia,i_spec,useful,2045,year,11.689497716894977,Gwa
69,BritishColumbia,i_spec,useful,2050,year,11.637176560121766,Gwa
70,BritishColumbia,i_spec,useful,2055,year,11.58508958821367,Gwa
71,BritishColumbia,i_spec,useful,2060,year,11.533235752979968,Gwa
72,BritishColumbia,i_therm,useful,2020,year,5.650213674802294,Gwa
73,BritishColumbia,i_therm,useful,2025,year,6.332086635378846,Gwa
74,BritishColumbia,i_therm,useful,2030,year,7.203539302756896,Gwa
75,BritishColumbia,i_therm,useful,2035,year,7.599589536016038,Gwa
76,BritishColumbia,i_therm,useful,2040,year,8.040236495860832,Gwa
77,BritishColumbia,i_therm,useful,2045,year,8.49465728720013,Gwa
78,BritishColumbia,i_therm,useful,2050,year,8.701443083861875,Gwa
79,BritishColumbia,i_therm,useful,2055,year,8.91326267579697,Gwa
80,BritishColumbia,i_therm,useful,2060,year,9.130238600893717,Gwa
81,BritishColumbia,rc_spec,useful,2020,year,4.419710806697108,Gwa
82,BritishColumbia,rc_spec,useful,2025,year,5.324074074074074,Gwa
83,BritishColumbia,rc_spec,useful,2030,year,6.390791476407914,Gwa
84,BritishColumbia,rc_spec,useful,2035,year,6.891806189751395,Gwa
85,BritishColumbia,rc_spec,useful,2040,year,7.171169457128361,Gwa
86,BritishColumbia,rc_spec,useful,2045,year,7.393138001014713,Gwa
87,BritishColumbia,rc_spec,useful,2050,year,7.619228817858954,Gwa
88,BritishColumbia,rc_spec,useful,2055,year,7.8522337566165525,Gwa
89,BritishColumbia,rc_spec,useful,2060,year,8.092364259231504,Gwa
90,BritishColumbia,rc_therm,useful,2020,year,4.840621637029451,Gwa
91,BritishColumbia,rc_therm,useful,2025,year,5.9053724410266435,Gwa
92,BritishColumbia,rc_therm,useful,2030,year,7.141754453063513,Gwa
93,BritishColumbia,rc_therm,useful,2035,year,7.564406488007205,Gwa
94,BritishColumbia,rc_therm,useful,2040,year,7.827318859375309,Gwa
95,BritishColumbia,rc_therm,useful,2045,year,8.005768889585513,Gwa
96,BritishColumbia,rc_therm,useful,2050,year,8.151111387244216,Gwa
97,BritishColumbia,rc_therm,useful,2055,year,8.299092537344304,Gwa
98,BritishColumbia,rc_therm,useful,2060,year,8.449760243883704,Gwa
99,BritishColumbia,transport,useful,2020,year,10.884703196347031,Gwa
100,BritishColumbia,transport,useful,2025,year,11.870560629122272,Gwa
101,BritishColumbia,transport,useful,2030,year,11.675228310502282,Gwa
102,BritishColumbia,transport,useful,2035,year,11.658105022831048,Gwa
103,BritishColumbia,transport,useful,2040,year,11.56646372399797,Gwa
104,BritishColumbia,transport,useful,2045,year,11.528094875697615,Gwa
105,BritishColumbia,transport,useful,2050,year,11.494165398274987,Gwa
106,BritishColumbia,transport,useful,2055,year,11.46033578205671,Gwa
107,BritishColumbia,transport,useful,2060,year,11.426605733131387,Gwa
108,Canada,i_feed,useful,2020,year,25.2077942651701,Gwa
109,Canada,i_feed,useful,2025,year,26.5296138021747,Gwa
110,Canada,i_feed,useful,2030,year,27.8528247281656,Gwa
111,Canada,i_feed,useful,2035,year,29.1843839880744,Gwa
112,Canada,i_feed,useful,2040,year,30.5173346369695,Gwa
113,Canada,i_feed,useful,2045,year,31.7709761136443,Gwa
114,Canada,i_feed,useful,2050,year,33.0246175903192,Gwa
115,Canada,i_feed,useful,2055,year,34.32772613235646,Gwa
116,Canada,i_feed,useful,2060,year,35.682253645943845,Gwa
117,Canada,i_spec,useful,2020,year,36.198313039066456,Gwa
118,Canada,i_spec,useful,2025,year,42.10394469812278,Gwa
119,Canada,i_spec,useful,2030,year,46.31881024860476,Gwa
120,Canada,i_spec,useful,2035,year,49.04712075088787,Gwa
121,Canada,i_spec,useful,2040,year,51.025811770674785,Gwa
122,Canada,i_spec,useful,2045,year,52.763191273465246,Gwa
123,Canada,i_spec,useful,2050,year,53.42497463216641,Gwa
124,Canada,i_spec,useful,2055,year,54.0950584215899,Gwa
125,Canada,i_spec,useful,2060,year,54.77354675005041,Gwa
126,Canada,i_therm,useful,2020,year,31.5388070044035,Gwa
127,Canada,i_therm,useful,2025,year,32.5510782172106,Gwa
128,Canada,i_therm,useful,2030,year,33.5645869253879,Gwa
129,Canada,i_therm,useful,2035,year,35.1510559899584,Gwa
130,Canada,i_therm,useful,2040,year,36.7362875591588,Gwa
131,Canada,i_therm,useful,2045,year,38.3425565496522,Gwa
132,Canada,i_therm,useful,2050,year,39.9475880447755,Gwa
133,Canada,i_therm,useful,2055,year,41.61980666387166,Gwa
134,Canada,i_therm,useful,2060,year,43.36202488111421,Gwa
135,Canada,rc_spec,useful,2020,year,40.171867072552004,Gwa
136,Canada,rc_spec,useful,2025,year,41.89783105022831,Gwa
137,Canada,rc_spec,useful,2030,year,38.839421613394215,Gwa
138,Canada,rc_spec,useful,2035,year,40.493721461187214,Gwa
139,Canada,rc_spec,useful,2040,year,41.603881278538815,Gwa
140,Canada,rc_spec,useful,2045,year,42.724188229325215,Gwa
141,Canada,rc_spec,useful,2050,year,44.149860476915265,Gwa
142,Canada,rc_spec,useful,2055,year,45.62310627573673,Gwa
143,Canada,rc_spec,useful,2060,year,47.14551311743126,Gwa
144,Canada,rc_therm,useful,2020,year,43.9983264422433,Gwa
145,Canada,rc_therm,useful,2025,year,46.4713066791594,Gwa
146,Canada,rc_therm,useful,2030,year,48.9433780663008,Gwa
147,Canada,rc_therm,useful,2035,year,49.7658871123901,Gwa
148,Canada,rc_therm,useful,2040,year,50.5883961584795,Gwa
149,Canada,rc_therm,useful,2045,year,51.3509211194396,Gwa
150,Canada,rc_therm,useful,2050,year,52.1134460803997,Gwa
151,Canada,rc_therm,useful,2055,year,52.887293999223296,Gwa
152,Canada,rc_therm,useful,2060,year,53.67263301384862,Gwa
153,Canada,transport,useful,2020,year,78.12595129375951,Gwa
154,Canada,transport,useful,2025,year,85.54572552004058,Gwa
155,Canada,transport,useful,2030,year,83.29972095383053,Gwa
156,Canada,transport,useful,2035,year,82.13597158802636,Gwa
157,Canada,transport,useful,2040,year,80.8583840690005,Gwa
158,Canada,transport,useful,2045,year,80.21848046676813,Gwa
159,Canada,transport,useful,2050,year,79.91882293252156,Gwa
160,Canada,transport,useful,2055,year,79.62028477422564,Gwa
161,Canada,transport,useful,2060,year,79.32286181043193,Gwa
162,Manitoba,i_feed,useful,2020,year,0.566846900080519,Gwa
163,Manitoba,i_feed,useful,2025,year,0.584827152080656,Gwa
164,Manitoba,i_feed,useful,2030,year,0.5903332924298692,Gwa
165,Manitoba,i_feed,useful,2035,year,0.5958653716830924,Gwa
166,Manitoba,i_feed,useful,2040,year,0.5994872681974767,Gwa
167,Manitoba,i_feed,useful,2045,year,0.6110023412121937,Gwa
168,Manitoba,i_feed,useful,2050,year,0.6295929042871363,Gwa
169,Manitoba,i_feed,useful,2055,year,0.6487491100971915,Gwa
170,Manitoba,i_feed,useful,2060,year,0.6684881690787776,Gwa
171,Manitoba,i_spec,useful,2020,year,0.8139903602232368,Gwa
172,Manitoba,i_spec,useful,2025,year,0.9281456113647896,Gwa
173,Manitoba,i_spec,useful,2030,year,0.9817351598173516,Gwa
174,Manitoba,i_spec,useful,2035,year,1.0013952308472855,Gwa
175,Manitoba,i_spec,useful,2040,year,1.0023465246067984,Gwa
176,Manitoba,i_spec,useful,2045,year,1.0147133434804667,Gwa
177,Manitoba,i_spec,useful,2050,year,1.0185185185185186,Gwa
178,Manitoba,i_spec,useful,2055,year,1.0223379629629632,Gwa
179,Manitoba,i_spec,useful,2060,year,1.0261717303240743,Gwa
180,Manitoba,i_therm,useful,2020,year,0.7092121902702796,Gwa
181,Manitoba,i_therm,useful,2025,year,0.7175662078188814,Gwa
182,Manitoba,i_therm,useful,2030,year,0.7113925895162793,Gwa
183,Manitoba,i_therm,useful,2035,year,0.7176885094120409,Gwa
184,Manitoba,i_therm,useful,2040,year,0.7216533466811315,Gwa
185,Manitoba,i_therm,useful,2045,year,0.7373834450694559,Gwa
186,Manitoba,i_therm,useful,2050,year,0.7615748436023964,Gwa
187,Manitoba,i_therm,useful,2055,year,0.7865598913105288,Gwa
188,Manitoba,i_therm,useful,2060,year,0.8123646255067611,Gwa
189,Manitoba,rc_spec,useful,2020,year,1.8899036022323692,Gwa
190,Manitoba,rc_spec,useful,2025,year,1.9552257737189243,Gwa
191,Manitoba,rc_spec,useful,2030,year,2.02720700152207,Gwa
192,Manitoba,rc_spec,useful,2035,year,2.1080669710806696,Gwa
193,Manitoba,rc_spec,useful,2040,year,2.1518264840182644,Gwa
194,Manitoba,rc_spec,useful,2045,year,2.1987569761542365,Gwa
195,Manitoba,rc_spec,useful,2050,year,2.2532978183663115,Gwa
196,Manitoba,rc_spec,useful,2055,year,2.3091915629234223,Gwa
197,Manitoba,rc_spec,useful,2060,year,2.366471768983825,Gwa
198,Manitoba,rc_therm,useful,2020,year,2.069888431388688,Gwa
199,Manitoba,rc_therm,useful,2025,year,2.1687031847153233,Gwa
200,Manitoba,rc_therm,useful,2030,year,2.2654180916163065,Gwa
201,Manitoba,rc_therm,useful,2035,year,2.3138020765745795,Gwa
202,Manitoba,rc_therm,useful,2040,year,2.3487148255459136,Gwa
203,Manitoba,rc_therm,useful,2045,year,2.380956529289554,Gwa
204,Manitoba,rc_therm,useful,2050,year,2.410595868060488,Gwa
205,Manitoba,rc_therm,useful,2055,year,2.4406041721577405,Gwa
206,Manitoba,rc_therm,useful,2060,year,2.470986034646395,Gwa
207,Manitoba,transport,useful,2020,year,2.8532470826991374,Gwa
208,Manitoba,transport,useful,2025,year,3.0882166412988328,Gwa
209,Manitoba,transport,useful,2030,year,3.0149670218163367,Gwa
210,Manitoba,transport,useful,2035,year,2.995941146626078,Gwa
211,Manitoba,transport,useful,2040,year,2.9623287671232874,Gwa
212,Manitoba,transport,useful,2045,year,2.9540842212075087,Gwa
213,Manitoba,transport,useful,2050,year,2.954401319127346,Gwa
214,Manitoba,transport,useful,2055,year,2.9547184510851743,Gwa
215,Manitoba,transport,useful,2060,year,2.9550356170846466,Gwa
216,NewBrunswick,i_feed,useful,2020,year,0.855901279591777,Gwa
217,NewBrunswick,i_feed,useful,2025,year,0.8713465016138506,Gwa
218,NewBrunswick,i_feed,useful,2030,year,0.8799703309314749,Gwa
219,NewBrunswick,i_feed,useful,2035,year,0.8917225289975599,Gwa
220,NewBrunswick,i_feed,useful,2040,year,0.9017911927488141,Gwa
221,NewBrunswick,i_feed,useful,2045,year,0.9010375150563568,Gwa
222,NewBrunswick,i_feed,useful,2050,year,0.9200837773112757,Gwa
223,NewBrunswick,i_feed,useful,2055,year,0.939532642232367,Gwa
224,NewBrunswick,i_feed,useful,2060,year,0.959392620093439,Gwa
225,NewBrunswick,i_spec,useful,2020,year,1.2290715372907153,Gwa
226,NewBrunswick,i_spec,useful,2025,year,1.3828640284119735,Gwa
227,NewBrunswick,i_spec,useful,2030,year,1.4634069000507355,Gwa
228,NewBrunswick,i_spec,useful,2035,year,1.4986047691527142,Gwa
229,NewBrunswick,i_spec,useful,2040,year,1.5078006088280058,Gwa
230,NewBrunswick,i_spec,useful,2045,year,1.4963850837138506,Gwa
231,NewBrunswick,i_spec,useful,2050,year,1.4884576357179096,Gwa
232,NewBrunswick,i_spec,useful,2055,year,1.480572185221417,Gwa
233,NewBrunswick,i_spec,useful,2060,year,1.4727285097328526,Gwa
234,NewBrunswick,i_therm,useful,2020,year,1.0708634396134025,Gwa
235,NewBrunswick,i_therm,useful,2025,year,1.0691172641947868,Gwa
236,NewBrunswick,i_therm,useful,2030,year,1.0604253231969083,Gwa
237,NewBrunswick,i_therm,useful,2035,year,1.0740328991391088,Gwa
238,NewBrunswick,i_therm,useful,2040,year,1.085562057408662,Gwa
239,NewBrunswick,i_therm,useful,2045,year,1.087410149150863,Gwa
240,NewBrunswick,i_therm,useful,2050,year,1.112961493110102,Gwa
241,NewBrunswick,i_therm,useful,2055,year,1.1391132279877383,Gwa
242,NewBrunswick,i_therm,useful,2060,year,1.165879461427404,Gwa
243,NewBrunswick,rc_spec,useful,2020,year,1.2588787417554541,Gwa
244,NewBrunswick,rc_spec,useful,2025,year,1.2138508371385084,Gwa
245,NewBrunswick,rc_spec,useful,2030,year,1.2144850329781836,Gwa
246,NewBrunswick,rc_spec,useful,2035,year,1.2160705225773718,Gwa
247,NewBrunswick,rc_spec,useful,2040,year,1.2163876204972095,Gwa
248,NewBrunswick,rc_spec,useful,2045,year,1.2002156265854895,Gwa
249,NewBrunswick,rc_spec,useful,2050,year,1.204972095383054,Gwa
250,NewBrunswick,rc_spec,useful,2055,year,1.2097474141230131,Gwa
251,NewBrunswick,rc_spec,useful,2060,year,1.2145416575079127,Gwa
252,NewBrunswick,rc_therm,useful,2020,year,1.378767965203539,Gwa
253,NewBrunswick,rc_therm,useful,2025,year,1.346382710199523,Gwa
254,NewBrunswick,rc_therm,useful,2030,year,1.3571955718583535,Gwa
255,NewBrunswick,rc_therm,useful,2035,year,1.3347519500095533,Gwa
256,NewBrunswick,rc_therm,useful,2040,year,1.3276849500138705,Gwa
257,NewBrunswick,rc_therm,useful,2045,year,1.2996712522874188,Gwa
258,NewBrunswick,rc_therm,useful,2050,year,1.289088699497587,Gwa
259,NewBrunswick,rc_therm,useful,2055,year,1.278592314977887,Gwa
260,NewBrunswick,rc_therm,useful,2060,year,1.2681813971045306,Gwa
261,NewBrunswick,transport,useful,2020,year,1.5756595636732622,Gwa
262,NewBrunswick,transport,useful,2025,year,1.5839041095890412,Gwa
263,NewBrunswick,transport,useful,2030,year,1.4903602232369355,Gwa
264,NewBrunswick,transport,useful,2035,year,1.412037037037037,Gwa
265,NewBrunswick,transport,useful,2040,year,1.3378361237950278,Gwa
266,NewBrunswick,transport,useful,2045,year,1.268074581430746,Gwa
267,NewBrunswick,transport,useful,2050,year,1.207825976661593,Gwa
268,NewBrunswick,transport,useful,2055,year,1.1504398962500644,Gwa
269,NewBrunswick,transport,useful,2060,year,1.0957803362881957,Gwa
270,NewfoundlandandLabrador,i_feed,useful,2020,year,0.3303478622985806,Gwa
271,NewfoundlandandLabrador,i_feed,useful,2025,year,0.34066631168347056,Gwa
272,NewfoundlandandLabrador,i_feed,useful,2030,year,0.35256016075672736,Gwa
273,NewfoundlandandLabrador,i_feed,useful,2035,year,0.36661381164669044,Gwa
274,NewfoundlandandLabrador,i_feed,useful,2040,year,0.37854368469540134,Gwa
275,NewfoundlandandLabrador,i_feed,useful,2045,year,0.38741367197485654,Gwa
276,NewfoundlandandLabrador,i_feed,useful,2050,year,0.40182610640990946,Gwa
277,NewfoundlandandLabrador,i_feed,useful,2055,year,0.41677470743218126,Gwa
278,NewfoundlandandLabrador,i_feed,useful,2060,year,0.43227942133253244,Gwa
279,NewfoundlandandLabrador,i_spec,useful,2020,year,0.4743784880771182,Gwa
280,NewfoundlandandLabrador,i_spec,useful,2025,year,0.5406519533231862,Gwa
281,NewfoundlandandLabrador,i_spec,useful,2030,year,0.586314053779807,Gwa
282,NewfoundlandandLabrador,i_spec,useful,2035,year,0.6161212582445459,Gwa
283,NewfoundlandandLabrador,i_spec,useful,2040,year,0.6329274479959411,Gwa
284,NewfoundlandandLabrador,i_spec,useful,2045,year,0.6433916793505834,Gwa
285,NewfoundlandandLabrador,i_spec,useful,2050,year,0.650050735667174,Gwa
286,NewfoundlandandLabrador,i_spec,useful,2055,year,0.6567787127243503,Gwa
287,NewfoundlandandLabrador,i_spec,useful,2060,year,0.6635763238466822,Gwa
288,NewfoundlandandLabrador,i_therm,useful,2020,year,0.4133157135349974,Gwa
289,NewfoundlandandLabrador,i_therm,useful,2025,year,0.4179878320229561,Gwa
290,NewfoundlandandLabrador,i_therm,useful,2030,year,0.4248594631833333,Gwa
291,NewfoundlandandLabrador,i_therm,useful,2035,year,0.4415670594640898,Gwa
292,NewfoundlandandLabrador,i_therm,useful,2040,year,0.45568493513936686,Gwa
293,NewfoundlandandLabrador,i_therm,useful,2045,year,0.4675471906393518,Gwa
294,NewfoundlandandLabrador,i_therm,useful,2050,year,0.48606115485208967,Gwa
295,NewfoundlandandLabrador,i_therm,useful,2055,year,0.5053082362297533,Gwa
296,NewfoundlandandLabrador,i_therm,useful,2060,year,0.5253174647937543,Gwa
297,NewfoundlandandLabrador,rc_spec,useful,2020,year,0.9921993911719938,Gwa
298,NewfoundlandandLabrador,rc_spec,useful,2025,year,0.944634703196347,Gwa
299,NewfoundlandandLabrador,rc_spec,useful,2030,year,0.9164129883307964,Gwa
300,NewfoundlandandLabrador,rc_spec,useful,2035,year,0.8999238964992389,Gwa
301,NewfoundlandandLabrador,rc_spec,useful,2040,year,0.8834348046676814,Gwa
302,NewfoundlandandLabrador,rc_spec,useful,2045,year,0.8596524606798579,Gwa
303,NewfoundlandandLabrador,rc_spec,useful,2050,year,0.8485540334855404,Gwa
304,NewfoundlandandLabrador,rc_spec,useful,2055,year,0.8375988910392129,Gwa
305,NewfoundlandandLabrador,rc_spec,useful,2060,year,0.8267851834824543,Gwa
306,NewfoundlandandLabrador,rc_therm,useful,2020,year,1.0866914264790613,Gwa
307,NewfoundlandandLabrador,rc_therm,useful,2025,year,1.0477727517461803,Gwa
308,NewfoundlandandLabrador,rc_therm,useful,2030,year,1.0240979641437706,Gwa
309,NewfoundlandandLabrador,rc_therm,useful,2035,year,0.9877512474907725,Gwa
310,NewfoundlandandLabrador,rc_therm,useful,2040,year,0.9642675366889061,Gwa
311,NewfoundlandandLabrador,rc_therm,useful,2045,year,0.9308873883622701,Gwa
312,NewfoundlandandLabrador,rc_therm,useful,2050,year,0.9077898315409325,Gwa
313,NewfoundlandandLabrador,rc_therm,useful,2055,year,0.8852653807018915,Gwa
314,NewfoundlandandLabrador,rc_therm,useful,2060,year,0.8632998157062172,Gwa
315,NewfoundlandandLabrador,transport,useful,2020,year,1.5984906139015727,Gwa
316,NewfoundlandandLabrador,transport,useful,2025,year,1.6282978183663115,Gwa
317,NewfoundlandandLabrador,transport,useful,2030,year,1.422818366311517,Gwa
318,NewfoundlandandLabrador,transport,useful,2035,year,1.326103500761035,Gwa
319,NewfoundlandandLabrador,transport,useful,2040,year,1.2255834601725013,Gwa
320,NewfoundlandandLabrador,transport,useful,2045,year,1.121892440385591,Gwa
321,NewfoundlandandLabrador,transport,useful,2050,year,1.0559360730593605,Gwa
322,NewfoundlandandLabrador,transport,useful,2055,year,0.9938572988376682,Gwa
323,NewfoundlandandLabrador,transport,useful,2060,year,0.9354281529478333,Gwa
324,NorthwestTerritories,i_feed,useful,2020,year,0.00044164152713713987,Gwa
325,NorthwestTerritories,i_feed,useful,2025,year,0.0003996085767548042,Gwa
326,NorthwestTerritories,i_feed,useful,2030,year,0.0003813522560916468,Gwa
327,NorthwestTerritories,i_feed,useful,2035,year,0.0003773688231051883,Gwa
328,NorthwestTerritories,i_feed,useful,2040,year,0.0003793022892739492,Gwa
329,NorthwestTerritories,i_feed,useful,2045,year,0.000381876463257621,Gwa
330,NorthwestTerritories,i_feed,useful,2050,year,0.0005880382045023064,Gwa
331,NorthwestTerritories,i_feed,useful,2055,year,0.0009054994565638381,Gwa
332,NorthwestTerritories,i_feed,useful,2060,year,0.0013943469311341152,Gwa
333,NorthwestTerritories,i_spec,useful,2020,year,0.0006341958396752917,Gwa
334,NorthwestTerritories,i_spec,useful,2025,year,0.0006341958396752917,Gwa
335,NorthwestTerritories,i_spec,useful,2030,year,0.0006341958396752917,Gwa
336,NorthwestTerritories,i_spec,useful,2035,year,0.0006341958396752917,Gwa
337,NorthwestTerritories,i_spec,useful,2040,year,0.0006341958396752917,Gwa
338,NorthwestTerritories,i_spec,useful,2045,year,0.0006341958396752917,Gwa
339,NorthwestTerritories,i_spec,useful,2050,year,0.0009512937595129374,Gwa
340,NorthwestTerritories,i_spec,useful,2055,year,0.0014269406392694059,Gwa
341,NorthwestTerritories,i_spec,useful,2060,year,0.0021404109589041086,Gwa
342,NorthwestTerritories,i_therm,useful,2020,year,0.0005525611143516009,Gwa
343,NorthwestTerritories,i_therm,useful,2025,year,0.0004903083073583063,Gwa
344,NorthwestTerritories,i_therm,useful,2030,year,0.0004595559363800253,Gwa
345,NorthwestTerritories,i_therm,useful,2035,year,0.0004545209052641171,Gwa
346,NorthwestTerritories,i_therm,useful,2040,year,0.0004565981314021712,Gwa
347,NorthwestTerritories,i_therm,useful,2045,year,0.0004608646531684099,Gwa
348,NorthwestTerritories,i_therm,useful,2050,year,0.0007113090071006191,Gwa
349,NorthwestTerritories,i_therm,useful,2055,year,0.001097850529659908,Gwa
350,NorthwestTerritories,i_therm,useful,2060,year,0.0016944475234292188,Gwa
351,NorthwestTerritories,rc_spec,useful,2020,year,0.03614916286149163,Gwa
352,NorthwestTerritories,rc_spec,useful,2025,year,0.043125317097919835,Gwa
353,NorthwestTerritories,rc_spec,useful,2030,year,0.0462962962962963,Gwa
354,NorthwestTerritories,rc_spec,useful,2035,year,0.050735667174023336,Gwa
355,NorthwestTerritories,rc_spec,useful,2040,year,0.05390664637239979,Gwa
356,NorthwestTerritories,rc_spec,useful,2045,year,0.05771182141045154,Gwa
357,NorthwestTerritories,rc_spec,useful,2050,year,0.062151192288178586,Gwa
358,NorthwestTerritories,rc_spec,useful,2055,year,0.0669320532334231,Gwa
359,NorthwestTerritories,rc_spec,useful,2060,year,0.07208067271291721,Gwa
360,NorthwestTerritories,rc_therm,useful,2020,year,0.0395918257010588,Gwa
361,NorthwestTerritories,rc_therm,useful,2025,year,0.047833868491937076,Gwa
362,NorthwestTerritories,rc_therm,useful,2030,year,0.0517364369429033,Gwa
363,NorthwestTerritories,rc_therm,useful,2035,year,0.05568717392477928,Gwa
364,NorthwestTerritories,rc_therm,useful,2040,year,0.058839009776422826,Gwa
365,NorthwestTerritories,rc_therm,useful,2045,year,0.062494099845788686,Gwa
366,NorthwestTerritories,rc_therm,useful,2050,year,0.06648983818461239,Gwa
367,NorthwestTerritories,rc_therm,useful,2055,year,0.07074105543923363,Gwa
368,NorthwestTerritories,rc_therm,useful,2060,year,0.07526408638207305,Gwa
369,NorthwestTerritories,transport,useful,2020,year,0.1591831557584982,Gwa
370,NorthwestTerritories,transport,useful,2025,year,0.19342973110096395,Gwa
371,NorthwestTerritories,transport,useful,2030,year,0.18803906646372398,Gwa
372,NorthwestTerritories,transport,useful,2035,year,0.18613647894469812,Gwa
373,NorthwestTerritories,transport,useful,2040,year,0.1845509893455099,Gwa
374,NorthwestTerritories,transport,useful,2045,year,0.1848680872653475,Gwa
375,NorthwestTerritories,transport,useful,2050,year,0.18645357686453576,Gwa
376,NorthwestTerritories,transport,useful,2055,year,0.18805266414467758,Gwa
377,NorthwestTerritories,transport,useful,2060,year,0.189665465723963,Gwa
378,NovaScotia,i_feed,useful,2020,year,0.27205118071647816,Gwa
379,NovaScotia,i_feed,useful,2025,year,0.27253304934677647,Gwa
380,NovaScotia,i_feed,useful,2030,year,0.277433766306673,Gwa
381,NovaScotia,i_feed,useful,2035,year,0.28868714967546905,Gwa
382,NovaScotia,i_feed,useful,2040,year,0.3043900871423442,Gwa
383,NovaScotia,i_feed,useful,2045,year,0.3194396615150001,Gwa
384,NovaScotia,i_feed,useful,2050,year,0.341454184081006,Gwa
385,NovaScotia,i_feed,useful,2055,year,0.36498586078344786,Gwa
386,NovaScotia,i_feed,useful,2060,year,0.3901392479063334,Gwa
387,NovaScotia,i_spec,useful,2020,year,0.3906646372399797,Gwa
388,NovaScotia,i_spec,useful,2025,year,0.43252156265854896,Gwa
389,NovaScotia,i_spec,useful,2030,year,0.46137747336377466,Gwa
390,NovaScotia,i_spec,useful,2035,year,0.48515981735159813,Gwa
391,NovaScotia,i_spec,useful,2040,year,0.5089421613394216,Gwa
392,NovaScotia,i_spec,useful,2045,year,0.5305048198883816,Gwa
393,NovaScotia,i_spec,useful,2050,year,0.5523845763571791,Gwa
394,NovaScotia,i_spec,useful,2055,year,0.5751667256510494,Gwa
395,NovaScotia,i_spec,useful,2060,year,0.5988884854059341,Gwa
396,NovaScotia,i_therm,useful,2020,year,0.3403776464405861,Gwa
397,NovaScotia,i_therm,useful,2025,year,0.33439026561836493,Gwa
398,NovaScotia,i_therm,useful,2030,year,0.33432694371646837,Gwa
399,NovaScotia,i_therm,useful,2035,year,0.3477084925270496,Gwa
400,NovaScotia,i_therm,useful,2040,year,0.3664200004502424,Gwa
401,NovaScotia,i_therm,useful,2045,year,0.38551328237537497,Gwa
402,NovaScotia,i_therm,useful,2050,year,0.41303343012309285,Gwa
403,NovaScotia,i_therm,useful,2055,year,0.44251812375465077,Gwa
404,NovaScotia,i_therm,useful,2060,year,0.47410760381545186,Gwa
405,NovaScotia,rc_spec,useful,2020,year,1.3524226281075593,Gwa
406,NovaScotia,rc_spec,useful,2025,year,1.3568619989852866,Gwa
407,NovaScotia,rc_spec,useful,2030,year,1.3720826991374935,Gwa
408,NovaScotia,rc_spec,useful,2035,year,1.3987189244038558,Gwa
409,NovaScotia,rc_spec,useful,2040,year,1.419964485032978,Gwa
410,NovaScotia,rc_spec,useful,2045,year,1.4488203957382038,Gwa
411,NovaScotia,rc_spec,useful,2050,year,1.486237950279046,Gwa
412,NovaScotia,rc_spec,useful,2055,year,1.5246218588220373,Gwa
413,NovaScotia,rc_spec,useful,2060,year,1.5639970786384085,Gwa
414,NovaScotia,rc_therm,useful,2020,year,1.481220496622945,Gwa
415,NovaScotia,rc_therm,useful,2025,year,1.5050082593896965,Gwa
416,NovaScotia,rc_therm,useful,2030,year,1.5333120729585106,Gwa
417,NovaScotia,rc_therm,useful,2035,year,1.5352257761387589,Gwa
418,NovaScotia,rc_therm,useful,2040,year,1.5498887398754202,Gwa
419,NovaScotia,rc_therm,useful,2045,year,1.5688766054692775,Gwa
420,NovaScotia,rc_therm,useful,2050,year,1.589989140669787,Gwa
421,NovaScotia,rc_therm,useful,2055,year,1.6113857894462391,Gwa
422,NovaScotia,rc_therm,useful,2060,year,1.633070375144493,Gwa
423,NovaScotia,transport,useful,2020,year,2.2504439370877725,Gwa
424,NovaScotia,transport,useful,2025,year,2.3769660071029928,Gwa
425,NovaScotia,transport,useful,2030,year,2.2434677828513445,Gwa
426,NovaScotia,transport,useful,2035,year,2.1496067985794016,Gwa
427,NovaScotia,transport,useful,2040,year,2.059233891425672,Gwa
428,NovaScotia,transport,useful,2045,year,1.9777397260273972,Gwa
429,NovaScotia,transport,useful,2050,year,1.910514967021816,Gwa
430,NovaScotia,transport,useful,2055,year,1.845575224676357,Gwa
431,NovaScotia,transport,useful,2060,year,1.782842829673729,Gwa
432,Nunavut,i_feed,useful,2020,year,0.005078877562077109,Gwa
433,Nunavut,i_feed,useful,2025,year,0.005394715786189857,Gwa
434,Nunavut,i_feed,useful,2030,year,0.0055296077133288775,Gwa
435,Nunavut,i_feed,useful,2035,year,0.005660532346577825,Gwa
436,Nunavut,i_feed,useful,2040,year,0.006258487773020162,Gwa
437,Nunavut,i_feed,useful,2045,year,0.007064714570265989,Gwa
438,Nunavut,i_feed,useful,2050,year,0.008036522128198189,Gwa
439,Nunavut,i_feed,useful,2055,year,0.009142009528431305,Gwa
440,Nunavut,i_feed,useful,2060,year,0.010399565494217935,Gwa
441,Nunavut,i_spec,useful,2020,year,0.007293252156265855,Gwa
442,Nunavut,i_spec,useful,2025,year,0.008561643835616438,Gwa
443,Nunavut,i_spec,useful,2030,year,0.009195839675291728,Gwa
444,Nunavut,i_spec,useful,2035,year,0.009512937595129375,Gwa
445,Nunavut,i_spec,useful,2040,year,0.010464231354642313,Gwa
446,Nunavut,i_spec,useful,2045,year,0.011732623033992896,Gwa
447,Nunavut,i_spec,useful,2050,year,0.01300101471334348,Gwa
448,Nunavut,i_spec,useful,2055,year,0.014406529817488722,Gwa
449,Nunavut,i_spec,useful,2060,year,0.015963992500460475,Gwa
450,Nunavut,i_therm,useful,2020,year,0.00635445281504341,Gwa
451,Nunavut,i_therm,useful,2025,year,0.006619162149337135,Gwa
452,Nunavut,i_therm,useful,2030,year,0.0066635610775103655,Gwa
453,Nunavut,i_therm,useful,2035,year,0.006817813578961757,Gwa
454,Nunavut,i_therm,useful,2040,year,0.007533869168135825,Gwa
455,Nunavut,i_therm,useful,2045,year,0.008525996083615584,Gwa
456,Nunavut,i_therm,useful,2050,year,0.009721223097041796,Gwa
457,Nunavut,i_therm,useful,2055,year,0.01108400444659643,Gwa
458,Nunavut,i_therm,useful,2060,year,0.012637828938372448,Gwa
459,Nunavut,rc_spec,useful,2020,year,0.0193429731100964,Gwa
460,Nunavut,rc_spec,useful,2025,year,0.02219685438863521,Gwa
461,Nunavut,rc_spec,useful,2030,year,0.02219685438863521,Gwa
462,Nunavut,rc_spec,useful,2035,year,0.02219685438863521,Gwa
463,Nunavut,rc_spec,useful,2040,year,0.02219685438863521,Gwa
464,Nunavut,rc_spec,useful,2045,year,0.02251395230847285,Gwa
465,Nunavut,rc_spec,useful,2050,year,0.0228310502283105,Gwa
466,Nunavut,rc_spec,useful,2055,year,0.023152614316033188,Gwa
467,Nunavut,rc_spec,useful,2060,year,0.023478707475413942,Gwa
468,Nunavut,rc_therm,useful,2020,year,0.02118509971723322,Gwa
469,Nunavut,rc_therm,useful,2025,year,0.02462037348849702,Gwa
470,Nunavut,rc_therm,useful,2030,year,0.024805141000022127,Gwa
471,Nunavut,rc_therm,useful,2035,year,0.024363138592090935,Gwa
472,Nunavut,rc_therm,useful,2040,year,0.02422782755499764,Gwa
473,Nunavut,rc_therm,useful,2045,year,0.024379566423357125,Gwa
474,Nunavut,rc_therm,useful,2050,year,0.024424838516796388,Gwa
475,Nunavut,rc_therm,useful,2055,year,0.024470194679099257,Gwa
476,Nunavut,rc_therm,useful,2060,year,0.024515635066378987,Gwa
477,Nunavut,transport,useful,2020,year,0.07927447995941146,Gwa
478,Nunavut,transport,useful,2025,year,0.10686199898528664,Gwa
479,Nunavut,transport,useful,2030,year,0.106544901065449,Gwa
480,Nunavut,transport,useful,2035,year,0.10717909690512428,Gwa
481,Nunavut,transport,useful,2040,year,0.10939878234398782,Gwa
482,Nunavut,transport,useful,2045,year,0.11256976154236427,Gwa
483,Nunavut,transport,useful,2050,year,0.11637493658041603,Gwa
484,Nunavut,transport,useful,2055,year,0.12030873725355687,Gwa
485,Nunavut,transport,useful,2060,year,0.12437551147057851,Gwa
486,Ontario,i_feed,useful,2020,year,4.181903620461577,Gwa
487,Ontario,i_feed,useful,2025,year,4.251235843805984,Gwa
488,Ontario,i_feed,useful,2030,year,4.225001645239354,Gwa
489,Ontario,i_feed,useful,2035,year,4.265777176381048,Gwa
490,Ontario,i_feed,useful,2040,year,4.330304585496042,Gwa
491,Ontario,i_feed,useful,2045,year,4.4158284828795,Gwa
492,Ontario,i_feed,useful,2050,year,4.558668174036715,Gwa
493,Ontario,i_feed,useful,2055,year,4.706128329382924,Gwa
494,Ontario,i_feed,useful,2060,year,4.858358408001586,Gwa
495,Ontario,i_spec,useful,2020,year,6.005200405885337,Gwa
496,Ontario,i_spec,useful,2025,year,6.74689244038559,Gwa
497,Ontario,i_spec,useful,2030,year,7.026255707762556,Gwa
498,Ontario,i_spec,useful,2035,year,7.168949771689497,Gwa
499,Ontario,i_spec,useful,2040,year,7.240296803652968,Gwa
500,Ontario,i_spec,useful,2045,year,7.333523592085235,Gwa
501,Ontario,i_spec,useful,2050,year,7.37474632166413,Gwa
502,Ontario,i_spec,useful,2055,year,7.4162007697904055,Gwa
503,Ontario,i_spec,useful,2060,year,7.457888238985406,Gwa
504,Ontario,i_therm,useful,2020,year,5.232201191795308,Gwa
505,Ontario,i_therm,useful,2025,year,5.2161449278313405,Gwa
506,Ontario,i_therm,useful,2030,year,5.0914202191543,Gwa
507,Ontario,i_therm,useful,2035,year,5.1379043131055795,Gwa
508,Ontario,i_therm,useful,2040,year,5.212752567152887,Gwa
509,Ontario,i_therm,useful,2045,year,5.329208416912907,Gwa
510,Ontario,i_therm,useful,2050,year,5.514304526046367,Gwa
511,Ontario,i_therm,useful,2055,year,5.705829464179573,Gwa
512,Ontario,i_therm,useful,2060,year,5.904006519865168,Gwa
513,Ontario,rc_spec,useful,2020,year,11.630200405885336,Gwa
514,Ontario,rc_spec,useful,2025,year,12.102359208523593,Gwa
515,Ontario,rc_spec,useful,2030,year,12.40169964485033,Gwa
516,Ontario,rc_spec,useful,2035,year,12.802828513444952,Gwa
517,Ontario,rc_spec,useful,2040,year,13.14656265854896,Gwa
518,Ontario,rc_spec,useful,2045,year,13.582255200405884,Gwa
519,Ontario,rc_spec,useful,2050,year,14.09627092846271,Gwa
520,Ontario,rc_spec,useful,2055,year,14.62973940312099,Gwa
521,Ontario,rc_spec,useful,2060,year,15.183396806815786,Gwa
522,Ontario,rc_therm,useful,2020,year,12.737801677523976,Gwa
523,Ontario,rc_therm,useful,2025,year,13.423731065171106,Gwa
524,Ontario,rc_therm,useful,2030,year,13.858986635869506,Gwa
525,Ontario,rc_therm,useful,2035,year,14.052310295081025,Gwa
526,Ontario,rc_therm,useful,2040,year,14.349450037180672,Gwa
527,Ontario,rc_therm,useful,2045,year,14.707746036783883,Gwa
528,Ontario,rc_therm,useful,2050,year,15.080302380912038,Gwa
529,Ontario,rc_therm,useful,2055,year,15.46229580868326,Gwa
530,Ontario,rc_therm,useful,2060,year,15.85396536728891,Gwa
531,Ontario,transport,useful,2020,year,25.871702181633687,Gwa
532,Ontario,transport,useful,2025,year,28.52517757483511,Gwa
533,Ontario,transport,useful,2030,year,27.682331303906643,Gwa
534,Ontario,transport,useful,2035,year,27.23458904109589,Gwa
535,Ontario,transport,useful,2040,year,26.79128614916286,Gwa
536,Ontario,transport,useful,2045,year,26.521435819381026,Gwa
537,Ontario,transport,useful,2050,year,26.35337392186707,Gwa
538,Ontario,transport,useful,2055,year,26.186377004454055,Gwa
539,Ontario,transport,useful,2060,year,26.020438318541423,Gwa
540,PrinceEdwardIsland,i_feed,useful,2020,year,0.048359747221516806,Gwa
541,PrinceEdwardIsland,i_feed,useful,2025,year,0.050550484959482736,Gwa
542,PrinceEdwardIsland,i_feed,useful,2030,year,0.05052917393214319,Gwa
543,PrinceEdwardIsland,i_feed,useful,2035,year,0.05283163523472636,Gwa
544,PrinceEdwardIsland,i_feed,useful,2040,year,0.05632638995718145,Gwa
545,PrinceEdwardIsland,i_feed,useful,2045,year,0.05957272826818887,Gwa
546,PrinceEdwardIsland,i_feed,useful,2050,year,0.06527224069975604,Gwa
547,PrinceEdwardIsland,i_feed,useful,2055,year,0.07151704361745552,Gwa
548,PrinceEdwardIsland,i_feed,useful,2060,year,0.07835930669682299,Gwa
549,PrinceEdwardIsland,i_spec,useful,2020,year,0.06944444444444443,Gwa
550,PrinceEdwardIsland,i_spec,useful,2025,year,0.0802257737189244,Gwa
551,PrinceEdwardIsland,i_spec,useful,2030,year,0.08403094875697614,Gwa
552,PrinceEdwardIsland,i_spec,useful,2035,year,0.08878741755454084,Gwa
553,PrinceEdwardIsland,i_spec,useful,2040,year,0.09417808219178081,Gwa
554,PrinceEdwardIsland,i_spec,useful,2045,year,0.09893455098934549,Gwa
555,PrinceEdwardIsland,i_spec,useful,2050,year,0.10559360730593607,Gwa
556,PrinceEdwardIsland,i_spec,useful,2055,year,0.11270086933614334,Gwa
557,PrinceEdwardIsland,i_spec,useful,2060,year,0.12028650477222995,Gwa
558,PrinceEdwardIsland,i_therm,useful,2020,year,0.06050544202150029,Gwa
559,PrinceEdwardIsland,i_therm,useful,2025,year,0.06202400088082575,Gwa
560,PrinceEdwardIsland,i_therm,useful,2030,year,0.06089116157035335,Gwa
561,PrinceEdwardIsland,i_therm,useful,2035,year,0.0636329267369764,Gwa
562,PrinceEdwardIsland,i_therm,useful,2040,year,0.06780482251322242,Gwa
563,PrinceEdwardIsland,i_therm,useful,2045,year,0.07189488589427194,Gwa
564,PrinceEdwardIsland,i_therm,useful,2050,year,0.07895529978816873,Gwa
565,PrinceEdwardIsland,i_therm,useful,2055,year,0.08670907933294698,Gwa
566,PrinceEdwardIsland,i_therm,useful,2060,year,0.09522431627691595,Gwa
567,PrinceEdwardIsland,rc_spec,useful,2020,year,0.1686960933536276,Gwa
568,PrinceEdwardIsland,rc_spec,useful,2025,year,0.182648401826484,Gwa
569,PrinceEdwardIsland,rc_spec,useful,2030,year,0.1943810248604769,Gwa
570,PrinceEdwardIsland,rc_spec,useful,2035,year,0.20706494165398273,Gwa
571,PrinceEdwardIsland,rc_spec,useful,2040,year,0.21816336884830034,Gwa
572,PrinceEdwardIsland,rc_spec,useful,2045,year,0.22831050228310498,Gwa
573,PrinceEdwardIsland,rc_spec,useful,2050,year,0.2378234398782344,Gwa
574,PrinceEdwardIsland,rc_spec,useful,2055,year,0.24773274987316088,Gwa
575,PrinceEdwardIsland,rc_spec,useful,2060,year,0.25805494778454263,Gwa
576,PrinceEdwardIsland,rc_therm,useful,2020,year,0.1847618532716077,Gwa
577,PrinceEdwardIsland,rc_therm,useful,2025,year,0.20259050184820404,Gwa
578,PrinceEdwardIsland,rc_therm,useful,2030,year,0.21722216332876518,Gwa
579,PrinceEdwardIsland,rc_therm,useful,2035,year,0.22727327858050542,Gwa
580,PrinceEdwardIsland,rc_therm,useful,2040,year,0.23812493368340534,Gwa
581,PrinceEdwardIsland,rc_therm,useful,2045,year,0.24722940598333984,Gwa
582,PrinceEdwardIsland,rc_therm,useful,2050,year,0.2544254012166291,Gwa
583,PrinceEdwardIsland,rc_therm,useful,2055,year,0.26183084704982396,Gwa
584,PrinceEdwardIsland,rc_therm,useful,2060,year,0.2694518398674242,Gwa
585,PrinceEdwardIsland,transport,useful,2020,year,0.3481735159817351,Gwa
586,PrinceEdwardIsland,transport,useful,2025,year,0.3627600202942668,Gwa
587,PrinceEdwardIsland,transport,useful,2030,year,0.3484906139015728,Gwa
588,PrinceEdwardIsland,transport,useful,2035,year,0.3434170471841705,Gwa
589,PrinceEdwardIsland,transport,useful,2040,year,0.33675799086757985,Gwa
590,PrinceEdwardIsland,transport,useful,2045,year,0.33168442415017757,Gwa
591,PrinceEdwardIsland,transport,useful,2050,year,0.3307331303906646,Gwa
592,PrinceEdwardIsland,transport,useful,2055,year,0.32978456500713493,Gwa
593,PrinceEdwardIsland,transport,useful,2060,year,0.32883872017441845,Gwa
594,Quebec,i_feed,useful,2020,year,7.669988401790709,Gwa
595,Quebec,i_feed,useful,2025,year,8.062302840316551,Gwa
596,Quebec,i_feed,useful,2030,year,8.460871829777322,Gwa
597,Quebec,i_feed,useful,2035,year,9.066474659513702,Gwa
598,Quebec,i_feed,useful,2040,year,9.598434081221924,Gwa
599,Quebec,i_feed,useful,2045,year,10.08402082701237,Gwa
600,Quebec,i_feed,useful,2050,year,10.612521489387959,Gwa
601,Quebec,i_feed,useful,2055,year,11.168720721106366,Gwa
602,Quebec,i_feed,useful,2060,year,11.75407019630588,Gwa
603,Quebec,i_spec,useful,2020,year,11.014079147640793,Gwa
604,Quebec,i_spec,useful,2025,year,12.795218163368848,Gwa
605,Quebec,i_spec,useful,2030,year,14.07058599695586,Gwa
606,Quebec,i_spec,useful,2035,year,15.23687214611872,Gwa
607,Quebec,i_spec,useful,2040,year,16.048642820903098,Gwa
608,Quebec,i_spec,useful,2045,year,16.74689244038559,Gwa
609,Quebec,i_spec,useful,2050,year,17.16831557584982,Gwa
610,Quebec,i_spec,useful,2055,year,17.600343512159146,Gwa
611,Quebec,i_spec,useful,2060,year,18.043243111266555,Gwa
612,Quebec,i_therm,useful,2020,year,9.596328872944254,Gwa
613,Quebec,i_therm,useful,2025,year,9.892215255107509,Gwa
614,Quebec,i_therm,useful,2030,year,10.195937782495433,Gwa
615,Quebec,i_therm,useful,2035,year,10.920092009423046,Gwa
616,Quebec,i_therm,useful,2040,year,11.554444014197646,Gwa
617,Quebec,i_therm,useful,2045,year,12.169822463891617,Gwa
618,Quebec,i_therm,useful,2050,year,12.83723075414724,Gwa
619,Quebec,i_therm,useful,2055,year,13.54124055007179,Gwa
620,Quebec,i_therm,useful,2060,year,14.283859124030307,Gwa
621,Quebec,rc_spec,useful,2020,year,13.688165905631658,Gwa
622,Quebec,rc_spec,useful,2025,year,13.331113647894469,Gwa
623,Quebec,rc_spec,useful,2030,year,13.410705225773718,Gwa
624,Quebec,rc_spec,useful,2035,year,13.612696600710297,Gwa
625,Quebec,rc_spec,useful,2040,year,13.702118214104516,Gwa
626,Quebec,rc_spec,useful,2045,year,13.807077625570773,Gwa
627,Quebec,rc_spec,useful,2050,year,13.949771689497714,Gwa
628,Quebec,rc_spec,useful,2055,year,14.093940475044404,Gwa
629,Quebec,rc_spec,useful,2060,year,14.239599223236263,Gwa
630,Quebec,rc_therm,useful,2020,year,14.991757368750921,Gwa
631,Quebec,rc_therm,useful,2025,year,14.786644597570046,Gwa
632,Quebec,rc_therm,useful,2030,year,14.986557473899081,Gwa
633,Quebec,rc_therm,useful,2035,year,14.94121680885531,Gwa
634,Quebec,rc_therm,useful,2040,year,14.955837949700042,Gwa
635,Quebec,rc_therm,useful,2045,year,14.951198326842476,Gwa
636,Quebec,rc_therm,useful,2050,year,14.92357633376259,Gwa
637,Quebec,rc_therm,useful,2055,year,14.896005371676008,Gwa
638,Quebec,rc_therm,useful,2060,year,14.86848534630415,Gwa
639,Quebec,transport,useful,2020,year,15.600583460172503,Gwa
640,Quebec,transport,useful,2025,year,16.902904616945712,Gwa
641,Quebec,transport,useful,2030,year,16.096524606798578,Gwa
642,Quebec,transport,useful,2035,year,15.569824961948248,Gwa
643,Quebec,transport,useful,2040,year,14.934043632673768,Gwa
644,Quebec,transport,useful,2045,year,14.440005073566716,Gwa
645,Quebec,transport,useful,2050,year,14.01636225266362,Gwa
646,Quebec,transport,useful,2055,year,13.605148322109827,Gwa
647,Quebec,transport,useful,2060,year,13.205998641440083,Gwa
648,Saskatchewan,i_feed,useful,2020,year,1.0159963331789903,Gwa
649,Saskatchewan,i_feed,useful,2025,year,1.0801419829682357,Gwa
650,Saskatchewan,i_feed,useful,2030,year,1.1350949902567866,Gwa
651,Saskatchewan,i_feed,useful,2035,year,1.2049386521748662,Gwa
652,Saskatchewan,i_feed,useful,2040,year,1.2888691789528797,Gwa
653,Saskatchewan,i_feed,useful,2045,year,1.3724640089478897,Gwa
654,Saskatchewan,i_feed,useful,2050,year,1.4630390528017387,Gwa
655,Saskatchewan,i_feed,useful,2055,year,1.5595915492631909,Gwa
656,Saskatchewan,i_feed,useful,2060,year,1.6625159771881854,Gwa
657,Saskatchewan,i_spec,useful,2020,year,1.4589675291730084,Gwa
658,Saskatchewan,i_spec,useful,2025,year,1.7142313546423134,Gwa
659,Saskatchewan,i_spec,useful,2030,year,1.8876839167935056,Gwa
660,Saskatchewan,i_spec,useful,2035,year,2.024987316083206,Gwa
661,Saskatchewan,i_spec,useful,2040,year,2.1549974632166418,Gwa
662,Saskatchewan,i_spec,useful,2045,year,2.279299847792998,Gwa
663,Saskatchewan,i_spec,useful,2050,year,2.3668188736681883,Gwa
664,Saskatchewan,i_spec,useful,2055,year,2.457698396363294,Gwa
665,Saskatchewan,i_spec,useful,2060,year,2.5520674499799143,Gwa
666,Saskatchewan,i_therm,useful,2020,year,1.2711668435658576,Gwa
667,Saskatchewan,i_therm,useful,2025,year,1.3253033547895017,Gwa
668,Saskatchewan,i_therm,useful,2030,year,1.3678682446351451,Gwa
669,Saskatchewan,i_therm,useful,2035,year,1.4512852505083258,Gwa
670,Saskatchewan,i_therm,useful,2040,year,1.5515204505045783,Gwa
671,Saskatchewan,i_therm,useful,2045,year,1.656347563487265,Gwa
672,Saskatchewan,i_therm,useful,2050,year,1.7697368096663402,Gwa
673,Saskatchewan,i_therm,useful,2055,year,1.8908883887231778,Gwa
674,Saskatchewan,i_therm,useful,2060,year,2.0203336897774307,Gwa
675,Saskatchewan,rc_spec,useful,2020,year,1.2414383561643836,Gwa
676,Saskatchewan,rc_spec,useful,2025,year,1.3603500761035008,Gwa
677,Saskatchewan,rc_spec,useful,2030,year,1.4263064434297312,Gwa
678,Saskatchewan,rc_spec,useful,2035,year,1.4887747336377473,Gwa
679,Saskatchewan,rc_spec,useful,2040,year,1.5182648401826484,Gwa
680,Saskatchewan,rc_spec,useful,2045,year,1.5487062404870624,Gwa
681,Saskatchewan,rc_spec,useful,2050,year,1.5997590055809232,Gwa
682,Saskatchewan,rc_spec,useful,2055,year,1.652494713995855,Gwa
683,Saskatchewan,rc_spec,useful,2060,year,1.7069688435931791,Gwa
684,Saskatchewan,rc_therm,useful,2020,year,1.3596666457863613,Gwa
685,Saskatchewan,rc_therm,useful,2025,year,1.5088771752236032,Gwa
686,Saskatchewan,rc_therm,useful,2030,year,1.5939074888299933,Gwa
687,Saskatchewan,rc_therm,useful,2035,year,1.6340705098552422,Gwa
688,Saskatchewan,rc_therm,useful,2040,year,1.6571834047618386,Gwa
689,Saskatchewan,rc_therm,useful,2045,year,1.6770394705869889,Gwa
690,Saskatchewan,rc_therm,useful,2050,year,1.7114348655171914,Gwa
691,Saskatchewan,rc_therm,useful,2055,year,1.7465356959563092,Gwa
692,Saskatchewan,rc_therm,useful,2060,year,1.782356430098653,Gwa
693,Saskatchewan,transport,useful,2020,year,4.099124809741248,Gwa
694,Saskatchewan,transport,useful,2025,year,4.457762557077626,Gwa
695,Saskatchewan,transport,useful,2030,year,4.486301369863012,Gwa
696,Saskatchewan,transport,useful,2035,year,4.588723997970574,Gwa
697,Saskatchewan,transport,useful,2040,year,4.707001522070015,Gwa
698,Saskatchewan,transport,useful,2045,year,4.9432394723490605,Gwa
699,Saskatchewan,transport,useful,2050,year,5.207064941653983,Gwa
700,Saskatchewan,transport,useful,2055,year,5.484971031297715,Gwa
701,Saskatchewan,transport,useful,2060,year,5.777709237599577,Gwa
702,Yukon,i_feed,useful,2020,year,0.011703500469134206,Gwa
703,Yukon,i_feed,useful,2025,year,0.009790410130492703,Gwa
704,Yukon,i_feed,useful,2030,year,0.006292312225512172,Gwa
705,Yukon,i_feed,useful,2035,year,0.0013207908808681595,Gwa
706,Yukon,i_feed,useful,2040,year,0.0013275580124588223,Gwa
707,Yukon,i_feed,useful,2045,year,0.0013365676214016737,Gwa
708,Yukon,i_feed,useful,2050,year,0.0013720891438387156,Gwa
709,Yukon,i_feed,useful,2055,year,0.001408554710210416,Gwa
710,Yukon,i_feed,useful,2060,year,0.0014459894100650101,Gwa
711,Yukon,i_spec,useful,2020,year,0.01680618975139523,Gwa
712,Yukon,i_spec,useful,2025,year,0.015537798072044647,Gwa
713,Yukon,i_spec,useful,2030,year,0.010464231354642313,Gwa
714,Yukon,i_spec,useful,2035,year,0.0022196854388635214,Gwa
715,Yukon,i_spec,useful,2040,year,0.0022196854388635214,Gwa
716,Yukon,i_spec,useful,2045,year,0.0022196854388635214,Gwa
717,Yukon,i_spec,useful,2050,year,0.0022196854388635214,Gwa
718,Yukon,i_spec,useful,2055,year,0.0022196854388635214,Gwa
719,Yukon,i_spec,useful,2060,year,0.0022196854388635214,Gwa
720,Yukon,i_therm,useful,2020,year,0.014642869530317423,Gwa
721,Yukon,i_therm,useful,2025,year,0.012012553530278504,Gwa
722,Yukon,i_therm,useful,2030,year,0.007582672950270417,Gwa
723,Yukon,i_therm,useful,2035,year,0.0015908231684244104,Gwa
724,Yukon,i_therm,useful,2040,year,0.0015980934599075995,Gwa
725,Yukon,i_therm,useful,2045,year,0.001613026286089435,Gwa
726,Yukon,i_therm,useful,2050,year,0.0016597210165681118,Gwa
727,Yukon,i_therm,useful,2055,year,0.0017077674905820797,Gwa
728,Yukon,i_therm,useful,2060,year,0.0017572048391117832,Gwa
729,Yukon,rc_spec,useful,2020,year,0.04344241501775749,Gwa
730,Yukon,rc_spec,useful,2025,year,0.046296296296296294,Gwa
731,Yukon,rc_spec,useful,2030,year,0.04788178589548452,Gwa
732,Yukon,rc_spec,useful,2035,year,0.049150177574835106,Gwa
733,Yukon,rc_spec,useful,2040,year,0.05010147133434805,Gwa
734,Yukon,rc_spec,useful,2045,year,0.050735667174023336,Gwa
735,Yukon,rc_spec,useful,2050,year,0.05232115677321157,Gwa
736,Yukon,rc_spec,useful,2055,year,0.053956192922374434,Gwa
737,Yukon,rc_spec,useful,2060,year,0.055642323951198634,Gwa
738,Yukon,rc_therm,useful,2020,year,0.047579650184605755,Gwa
739,Yukon,rc_therm,useful,2025,year,0.05135106470457951,Gwa
740,Yukon,rc_therm,useful,2030,year,0.05350823272861916,Gwa
741,Yukon,rc_therm,useful,2035,year,0.053946949739629935,Gwa
742,Yukon,rc_therm,useful,2040,year,0.05468566790985182,Gwa
743,Yukon,rc_therm,useful,2045,year,0.054939867996297756,Gwa
744,Yukon,rc_therm,useful,2050,year,0.0559735882676584,Gwa
745,Yukon,rc_therm,useful,2055,year,0.057026758487451645,Gwa
746,Yukon,rc_therm,useful,2060,year,0.05809974461589372,Gwa
747,Yukon,transport,useful,2020,year,0.14998731608320648,Gwa
748,Yukon,transport,useful,2025,year,0.167427701674277,Gwa
749,Yukon,transport,useful,2030,year,0.16235413495687467,Gwa
750,Yukon,transport,useful,2035,year,0.15886605783866056,Gwa
751,Yukon,transport,useful,2040,year,0.15886605783866056,Gwa
752,Yukon,transport,useful,2045,year,0.1591831557584982,Gwa
753,Yukon,transport,useful,2050,year,0.16045154743784878,Gwa
754,Yukon,transport,useful,2055,year,0.16173004582380773,Gwa
755,Yukon,transport,useful,2060,year,0.16301873144790183,Gwa
