Model,Scenario,Region,Variable,Unit,2015.0
MESSAGEix,none,Alberta,bio_ppl,Gwa,0.245262557077626
MESSAGEix,none,Alberta,biomass_i,Gwa,0.8768773880159769
MESSAGEix,none,Alberta,biomass_nc,Gwa,0.6842501180035369
MESSAGEix,none,Alberta,biomass_rc,Gwa,0.1996349532283824
MESSAGEix,none,Alberta,biomass_t_d,Gwa,1.974053933124727
MESSAGEix,none,Alberta,coal_exp,Gwa,16.065023923778842
MESSAGEix,none,Alberta,coal_extr,Gwa,28.757098887181776
MESSAGEix,none,Alberta,coal_extr_mpen,Gwa,28.757098887181776
MESSAGEix,none,Alberta,coal_fs,Gwa,0.05022358017163823
MESSAGEix,none,Alberta,coal_i,Gwa,0.9073006560899629
MESSAGEix,none,Alberta,coal_imp,Gwa,4.504799931760714
MESSAGEix,none,Alberta,coal_ppl,Gwa,4.72351598173516
MESSAGEix,none,Alberta,coal_rc,Gwa,0.28836159910766346
MESSAGEix,none,Alberta,coal_t_d,Gwa,1.311644401961548
MESSAGEix,none,Alberta,elec_exp,Gwa,-0.023972602739726
MESSAGEix,none,Alberta,elec_i,Gwa,-0.0033803522940889733
MESSAGEix,none,Alberta,elec_imp,Gwa,0.0573059360730594
MESSAGEix,none,Alberta,elec_t_d,Gwa,-0.2042378511978371
MESSAGEix,none,Alberta,elec_trp,Gwa,0.0120497210502283
MESSAGEix,none,Alberta,eth_bio,Gwa,0.25545065542858714
MESSAGEix,none,Alberta,eth_exp,Gwa,0.04260987862089744
MESSAGEix,none,Alberta,eth_ic_trp,Gwa,0.4098614844415659
MESSAGEix,none,Alberta,eth_imp,Gwa,0.19700332294247644
MESSAGEix,none,Alberta,foil_exp,Gwa,0.02027877980575166
MESSAGEix,none,Alberta,foil_fs,Gwa,0.013841983626966457
MESSAGEix,none,Alberta,foil_i,Gwa,0.0032131900847169937
MESSAGEix,none,Alberta,foil_imp,Gwa,0.01143380226496498
MESSAGEix,none,Alberta,foil_ppl,Gwa,0.0010711800864136
MESSAGEix,none,Alberta,foil_rc,Gwa,0.019012852688417372
MESSAGEix,none,Alberta,foil_t_d,Gwa,0.0217595284810334
MESSAGEix,none,Alberta,foil_trp,Gwa,0.0
MESSAGEix,none,Alberta,gas_cc,Gwa,1.43558
MESSAGEix,none,Alberta,gas_ct,Gwa,3.863175
MESSAGEix,none,Alberta,gas_exp,Gwa,35.57482964931948
MESSAGEix,none,Alberta,gas_extr_1,Gwa,36.3278095816025
MESSAGEix,none,Alberta,gas_extr_2,Gwa,63.77331406647283
MESSAGEix,none,Alberta,gas_extr_mpen,Gwa,100.10112364807499
MESSAGEix,none,Alberta,gas_fs,Gwa,2.3320968282041545
MESSAGEix,none,Alberta,gas_i,Gwa,8.190393183973287
MESSAGEix,none,Alberta,gas_imp,Gwa,11.909204022890922
MESSAGEix,none,Alberta,gas_ppl,Gwa,3.67751141552511
MESSAGEix,none,Alberta,gas_rc,Gwa,6.679848911197303
MESSAGEix,none,Alberta,gas_t_d,Gwa,31.287763623153772
MESSAGEix,none,Alberta,gas_trp,Gwa,0.0351978693835616
MESSAGEix,none,Alberta,heat_i,Gwa,0.13942522502635557
MESSAGEix,none,Alberta,heat_rc,Gwa,0.007232031622314702
MESSAGEix,none,Alberta,heat_t_d,Gwa,0.14665725664867027
MESSAGEix,none,Alberta,hydro_lc,Gwa,0.195091324200913
MESSAGEix,none,Alberta,land_use_biomass,Gwa,1.9984116363611173
MESSAGEix,none,Alberta,landfill_ele,Gwa,0.005267561494137872
MESSAGEix,none,Alberta,loil_exp,Gwa,0.19633582426510607
MESSAGEix,none,Alberta,loil_fs,Gwa,0.045272143044131685
MESSAGEix,none,Alberta,loil_i,Gwa,0.011894785078823192
MESSAGEix,none,Alberta,loil_imp,Gwa,0.034693941547302376
MESSAGEix,none,Alberta,loil_ppl,Gwa,0.000301672284726129
MESSAGEix,none,Alberta,loil_rc,Gwa,0.028980016417491643
MESSAGEix,none,Alberta,loil_t_d,Gwa,0.27139114980720364
MESSAGEix,none,Alberta,loil_trp,Gwa,12.6052766102283
MESSAGEix,none,Alberta,nuc_lc,Gwa,0.0
MESSAGEix,none,Alberta,oil_exp,Gwa,0.4901691893856321
MESSAGEix,none,Alberta,oil_extr_1,Gwa,0.05123986613051831
MESSAGEix,none,Alberta,oil_extr_2,Gwa,0.3383764744468189
MESSAGEix,none,Alberta,oil_extr_3,Gwa,0.10216884991648684
MESSAGEix,none,Alberta,oil_extr_4,Gwa,0.34251084165194357
MESSAGEix,none,Alberta,oil_extr_mpen,Gwa,0.8342960321457691
MESSAGEix,none,Alberta,oil_imp,Gwa,0.16398626884225698
MESSAGEix,none,Alberta,ref_hil,Gwa,2.2260749643609445
MESSAGEix,none,Alberta,ref_lol,Gwa,14.11849034898428
MESSAGEix,none,Alberta,solar_pv_ppl,Gwa,0.0
MESSAGEix,none,Alberta,solar_rc,Gwa,0.009700657801085586
MESSAGEix,none,Alberta,sp_el_I,Gwa,5.91038817513699
MESSAGEix,none,Alberta,sp_el_RC,Gwa,3.04033487972603
MESSAGEix,none,Alberta,wind_ppl,Gwa,0.466780821917808
MESSAGEix,none,BritishColumbia,bio_ppl,Gwa,0.769197237442922
MESSAGEix,none,BritishColumbia,biomass_i,Gwa,2.750080046766278
MESSAGEix,none,BritishColumbia,biomass_nc,Gwa,2.145958628009133
MESSAGEix,none,BritishColumbia,biomass_rc,Gwa,0.3865946713311532
MESSAGEix,none,BritishColumbia,biomass_t_d,Gwa,6.1910666267835035
MESSAGEix,none,BritishColumbia,coal_exp,Gwa,0.0
MESSAGEix,none,BritishColumbia,coal_extr,Gwa,0.0
MESSAGEix,none,BritishColumbia,coal_extr_mpen,Gwa,0.0
MESSAGEix,none,BritishColumbia,coal_fs,Gwa,0.0
MESSAGEix,none,BritishColumbia,coal_i,Gwa,0.0
MESSAGEix,none,BritishColumbia,coal_imp,Gwa,0.0
MESSAGEix,none,BritishColumbia,coal_ppl,Gwa,0.0
MESSAGEix,none,BritishColumbia,coal_rc,Gwa,0.04119451415823764
MESSAGEix,none,BritishColumbia,coal_t_d,Gwa,0.0
MESSAGEix,none,BritishColumbia,elec_exp,Gwa,0.610730593607306
MESSAGEix,none,BritishColumbia,elec_i,Gwa,0.08611849892083824
MESSAGEix,none,BritishColumbia,elec_imp,Gwa,0.803881278538813
MESSAGEix,none,BritishColumbia,elec_t_d,Gwa,5.203202399563953
MESSAGEix,none,BritishColumbia,elec_trp,Gwa,0.0231481483333333
MESSAGEix,none,BritishColumbia,eth_bio,Gwa,0.18302968336424436
MESSAGEix,none,BritishColumbia,eth_exp,Gwa,0.0305298593933417
MESSAGEix,none,BritishColumbia,eth_ic_trp,Gwa,0.2936646124265296
MESSAGEix,none,BritishColumbia,eth_imp,Gwa,0.14115233237264307
MESSAGEix,none,BritishColumbia,foil_exp,Gwa,0.44887089723181384
MESSAGEix,none,BritishColumbia,foil_fs,Gwa,0.30639238009489334
MESSAGEix,none,BritishColumbia,foil_i,Gwa,0.07112397935768326
MESSAGEix,none,BritishColumbia,foil_imp,Gwa,0.2530872730316005
MESSAGEix,none,BritishColumbia,foil_ppl,Gwa,0.0237105768242007
MESSAGEix,none,BritishColumbia,foil_rc,Gwa,0.006337617562805791
MESSAGEix,none,BritishColumbia,foil_t_d,Gwa,0.4816472769161584
MESSAGEix,none,BritishColumbia,foil_trp,Gwa,0.497938867504566
MESSAGEix,none,BritishColumbia,gas_cc,Gwa,0.136
MESSAGEix,none,BritishColumbia,gas_ct,Gwa,0.437
MESSAGEix,none,BritishColumbia,gas_exp,Gwa,3.649691509886731
MESSAGEix,none,BritishColumbia,gas_extr_1,Gwa,3.7269411971813255
MESSAGEix,none,BritishColumbia,gas_extr_2,Gwa,6.542629302799718
MESSAGEix,none,BritishColumbia,gas_extr_mpen,Gwa,10.26957049998101
MESSAGEix,none,BritishColumbia,gas_fs,Gwa,0.23925438513781588
MESSAGEix,none,BritishColumbia,gas_i,Gwa,0.8402684921009388
MESSAGEix,none,BritishColumbia,gas_imp,Gwa,1.221788585927504
MESSAGEix,none,BritishColumbia,gas_ppl,Gwa,0.377283105022831
MESSAGEix,none,BritishColumbia,gas_rc,Gwa,2.6110984358759857
MESSAGEix,none,BritishColumbia,gas_t_d,Gwa,3.2098730024685183
MESSAGEix,none,BritishColumbia,gas_trp,Gwa,0.0180745815753425
MESSAGEix,none,BritishColumbia,heat_i,Gwa,0.09989778553023274
MESSAGEix,none,BritishColumbia,heat_rc,Gwa,0.005181730521268929
MESSAGEix,none,BritishColumbia,heat_t_d,Gwa,0.10507951605150166
MESSAGEix,none,BritishColumbia,hydro_lc,Gwa,6.88859360730594
MESSAGEix,none,BritishColumbia,land_use_biomass,Gwa,1.4318563732824312
MESSAGEix,none,BritishColumbia,landfill_ele,Gwa,0.0037741931440973217
MESSAGEix,none,BritishColumbia,loil_exp,Gwa,4.345894498624096
MESSAGEix,none,BritishColumbia,loil_fs,Gwa,1.0020991234424568
MESSAGEix,none,BritishColumbia,loil_i,Gwa,0.2632911300312348
MESSAGEix,none,BritishColumbia,loil_imp,Gwa,0.7679505778956521
MESSAGEix,none,BritishColumbia,loil_ppl,Gwa,0.00667751760273966
MESSAGEix,none,BritishColumbia,loil_rc,Gwa,0.6414728152145815
MESSAGEix,none,BritishColumbia,loil_t_d,Gwa,6.007244522679862
MESSAGEix,none,BritishColumbia,loil_trp,Gwa,8.04350589894977
MESSAGEix,none,BritishColumbia,nuc_lc,Gwa,0.0
MESSAGEix,none,BritishColumbia,oil_exp,Gwa,10.849897574829164
MESSAGEix,none,BritishColumbia,oil_extr_1,Gwa,1.1341947052218735
MESSAGEix,none,BritishColumbia,oil_extr_2,Gwa,7.489965034484068
MESSAGEix,none,BritishColumbia,oil_extr_3,Gwa,2.261508028118563
MESSAGEix,none,BritishColumbia,oil_extr_4,Gwa,7.58147927422761
MESSAGEix,none,BritishColumbia,oil_extr_mpen,Gwa,18.467147042052147
MESSAGEix,none,BritishColumbia,oil_imp,Gwa,3.6298369198744265
MESSAGEix,none,BritishColumbia,ref_hil,Gwa,1.594976513912125
MESSAGEix,none,BritishColumbia,ref_lol,Gwa,10.115859024985495
MESSAGEix,none,BritishColumbia,solar_pv_ppl,Gwa,0.0
MESSAGEix,none,BritishColumbia,solar_rc,Gwa,0.006950494304971305
MESSAGEix,none,BritishColumbia,sp_el_I,Gwa,2.37950280949772
MESSAGEix,none,BritishColumbia,sp_el_RC,Gwa,3.79249115159817
MESSAGEix,none,BritishColumbia,wind_ppl,Gwa,0.137671232876712
MESSAGEix,none,Canada,bio_ppl,Gwa,1.42820385844749
MESSAGEix,none,Canada,biomass_i,Gwa,5.1062
MESSAGEix,none,Canada,biomass_nc,Gwa,3.9845
MESSAGEix,none,Canada,biomass_rc,Gwa,5.253884959566
MESSAGEix,none,Canada,biomass_t_d,Gwa,11.4952379102035
MESSAGEix,none,Canada,coal_exp,Gwa,24.171
MESSAGEix,none,Canada,coal_extr,Gwa,43.2671523242009
MESSAGEix,none,Canada,coal_extr_mpen,Gwa,43.2671523242009
MESSAGEix,none,Canada,coal_fs,Gwa,0.075565038812785
MESSAGEix,none,Canada,coal_i,Gwa,1.3651
MESSAGEix,none,Canada,coal_imp,Gwa,6.7778
MESSAGEix,none,Canada,coal_ppl,Gwa,7.10687424657534
MESSAGEix,none,Canada,coal_rc,Gwa,1.175628057900474
MESSAGEix,none,Canada,coal_t_d,Gwa,1.97346465154564
MESSAGEix,none,Canada,elec_exp,Gwa,6.66392694063927
MESSAGEix,none,Canada,elec_i,Gwa,0.9248
MESSAGEix,none,Canada,elec_imp,Gwa,0.995547945205479
MESSAGEix,none,Canada,elec_t_d,Gwa,55.8755858429436
MESSAGEix,none,Canada,elec_trp,Gwa,0.139840183767123
MESSAGEix,none,Canada,eth_bio,Gwa,1.4694
MESSAGEix,none,Canada,eth_exp,Gwa,0.2451
MESSAGEix,none,Canada,eth_ic_trp,Gwa,2.3576
MESSAGEix,none,Canada,eth_imp,Gwa,1.1332
MESSAGEix,none,Canada,foil_exp,Gwa,6.8141
MESSAGEix,none,Canada,foil_fs,Gwa,4.6512
MESSAGEix,none,Canada,foil_i,Gwa,1.0797
MESSAGEix,none,Canada,foil_imp,Gwa,3.842
MESSAGEix,none,Canada,foil_ppl,Gwa,0.359939222021664
MESSAGEix,none,Canada,foil_rc,Gwa,2.0628945166932846
MESSAGEix,none,Canada,foil_t_d,Gwa,7.31166295225295
MESSAGEix,none,Canada,foil_trp,Gwa,1.29223745326027
MESSAGEix,none,Canada,gas_cc,Gwa,4.742499
MESSAGEix,none,Canada,gas_ct,Gwa,11.464685
MESSAGEix,none,Canada,gas_exp,Gwa,72.9496576666666
MESSAGEix,none,Canada,gas_extr_1,Gwa,74.4937164529317
MESSAGEix,none,Canada,gas_extr_2,Gwa,130.773400049352
MESSAGEix,none,Canada,gas_extr_mpen,Gwa,205.267116502283
MESSAGEix,none,Canada,gas_fs,Gwa,4.78219198630137
MESSAGEix,none,Canada,gas_i,Gwa,16.7952
MESSAGEix,none,Canada,gas_imp,Gwa,24.4209843059361
MESSAGEix,none,Canada,gas_ppl,Gwa,7.54109581050228
MESSAGEix,none,Canada,gas_rc,Gwa,29.75828326615459
MESSAGEix,none,Canada,gas_t_d,Gwa,64.1586106796245
MESSAGEix,none,Canada,gas_trp,Gwa,0.124302385570776
MESSAGEix,none,Canada,heat_i,Gwa,0.802
MESSAGEix,none,Canada,heat_rc,Gwa,0.0416
MESSAGEix,none,Canada,heat_t_d,Gwa,0.8436
MESSAGEix,none,Canada,hydro_lc,Gwa,42.7073016894977
MESSAGEix,none,Canada,land_use_biomass,Gwa,11.4952379102035
MESSAGEix,none,Canada,landfill_ele,Gwa,0.0303
MESSAGEix,none,Canada,loil_exp,Gwa,65.973
MESSAGEix,none,Canada,loil_fs,Gwa,15.2124
MESSAGEix,none,Canada,loil_i,Gwa,3.9969
MESSAGEix,none,Canada,loil_imp,Gwa,11.6579
MESSAGEix,none,Canada,loil_ppl,Gwa,0.101368284238151
MESSAGEix,none,Canada,loil_rc,Gwa,9.7379
MESSAGEix,none,Canada,loil_t_d,Gwa,91.1931808331361
MESSAGEix,none,Canada,loil_trp,Gwa,69.9166038064155
MESSAGEix,none,Canada,nuc_lc,Gwa,10.9226068493151
MESSAGEix,none,Canada,oil_exp,Gwa,164.707241036529
MESSAGEix,none,Canada,oil_extr_1,Gwa,17.2176814948666
MESSAGEix,none,Canada,oil_extr_2,Gwa,113.701670249119
MESSAGEix,none,Canada,oil_extr_3,Gwa,34.3308999301069
MESSAGEix,none,Canada,oil_extr_4,Gwa,115.090905293944
MESSAGEix,none,Canada,oil_extr_mpen,Gwa,280.341156968037
MESSAGEix,none,Canada,oil_imp,Gwa,55.1028634474886
MESSAGEix,none,Canada,ref_hil,Gwa,12.8048
MESSAGEix,none,Canada,ref_lol,Gwa,81.2122
MESSAGEix,none,Canada,solar_rc,Gwa,0.0558
MESSAGEix,none,Canada,sp_el_I,Gwa,26.11111132
MESSAGEix,none,Canada,sp_el_RC,Gwa,33.7553909346804
MESSAGEix,none,Canada,wind_ppl,Gwa,3.23217333333333
MESSAGEix,none,Manitoba,bio_ppl,Gwa,0.0114155251141553
MESSAGEix,none,Manitoba,biomass_i,Gwa,0.040813469304909436
MESSAGEix,none,Manitoba,biomass_nc,Gwa,0.031847806283618274
MESSAGEix,none,Manitoba,biomass_rc,Gwa,0.08555783709787818
MESSAGEix,none,Manitoba,biomass_t_d,Gwa,0.09188056472537734
MESSAGEix,none,Manitoba,coal_exp,Gwa,0.04127101462365716
MESSAGEix,none,Manitoba,coal_extr,Gwa,0.07387693005238084
MESSAGEix,none,Manitoba,coal_extr_mpen,Gwa,0.07387693005238084
MESSAGEix,none,Manitoba,coal_fs,Gwa,0.00012902427793139179
MESSAGEix,none,Manitoba,coal_i,Gwa,0.0023308535874707044
MESSAGEix,none,Manitoba,coal_imp,Gwa,0.011572822097398681
MESSAGEix,none,Manitoba,coal_ppl,Gwa,0.012134703196347
MESSAGEix,none,Manitoba,coal_rc,Gwa,0.019012852688417372
MESSAGEix,none,Manitoba,coal_t_d,Gwa,0.0033696118693149063
MESSAGEix,none,Manitoba,elec_exp,Gwa,1.03961187214612
MESSAGEix,none,Manitoba,elec_i,Gwa,0.14659461115365885
MESSAGEix,none,Manitoba,elec_imp,Gwa,0.0125570776255708
MESSAGEix,none,Manitoba,elec_t_d,Gwa,8.857114813612892
MESSAGEix,none,Manitoba,elec_trp,Gwa,0.0
MESSAGEix,none,Manitoba,eth_bio,Gwa,0.04822102982953081
MESSAGEix,none,Manitoba,eth_exp,Gwa,0.008043401668176126
MESSAGEix,none,Manitoba,eth_ic_trp,Gwa,0.07736892604199118
MESSAGEix,none,Manitoba,eth_imp,Gwa,0.037188016199009334
MESSAGEix,none,Manitoba,foil_exp,Gwa,0.07267594166300408
MESSAGEix,none,Manitoba,foil_fs,Gwa,0.04960748152550807
MESSAGEix,none,Manitoba,foil_i,Gwa,0.011515565403141354
MESSAGEix,none,Manitoba,foil_imp,Gwa,0.040976940148994244
MESSAGEix,none,Manitoba,foil_ppl,Gwa,0.00383894012442929
MESSAGEix,none,Manitoba,foil_rc,Gwa,0.006337617562805791
MESSAGEix,none,Manitoba,foil_t_d,Gwa,0.07798271087560846
MESSAGEix,none,Manitoba,foil_trp,Gwa,0.0
MESSAGEix,none,Manitoba,gas_cc,Gwa,0.132
MESSAGEix,none,Manitoba,gas_ct,Gwa,0.2676
MESSAGEix,none,Manitoba,gas_exp,Gwa,0.20208579313442307
MESSAGEix,none,Manitoba,gas_extr_1,Gwa,0.2063631585731253
MESSAGEix,none,Manitoba,gas_extr_2,Gwa,0.3622696406693925
MESSAGEix,none,Manitoba,gas_extr_mpen,Gwa,0.5686327992425158
MESSAGEix,none,Manitoba,gas_fs,Gwa,0.013247670947116513
MESSAGEix,none,Manitoba,gas_i,Gwa,0.046526213027071404
MESSAGEix,none,Manitoba,gas_imp,Gwa,0.06765122881232437
MESSAGEix,none,Manitoba,gas_ppl,Gwa,0.020890410958904
MESSAGEix,none,Manitoba,gas_rc,Gwa,1.1661216315562652
MESSAGEix,none,Manitoba,gas_t_d,Gwa,0.17773275626376273
MESSAGEix,none,Manitoba,gas_trp,Gwa,0.0
MESSAGEix,none,Manitoba,heat_i,Gwa,0.026319086649845995
MESSAGEix,none,Manitoba,heat_rc,Gwa,0.0013651795568997425
MESSAGEix,none,Manitoba,heat_t_d,Gwa,0.027684266206745738
MESSAGEix,none,Manitoba,hydro_lc,Gwa,3.96967351598173
MESSAGEix,none,Manitoba,land_use_biomass,Gwa,0.3772371104978061
MESSAGEix,none,Manitoba,landfill_ele,Gwa,0.0009943495330303413
MESSAGEix,none,Manitoba,loil_exp,Gwa,0.703636562324205
MESSAGEix,none,Manitoba,loil_fs,Gwa,0.16224820518546582
MESSAGEix,none,Manitoba,loil_i,Gwa,0.04262902969326262
MESSAGEix,none,Manitoba,loil_imp,Gwa,0.12433760295756369
MESSAGEix,none,Manitoba,loil_ppl,Gwa,0.00108114578767125
MESSAGEix,none,Manitoba,loil_rc,Gwa,0.10385979840627038
MESSAGEix,none,Manitoba,loil_t_d,Gwa,0.9726229862040148
MESSAGEix,none,Manitoba,loil_trp,Gwa,2.47463218621005
MESSAGEix,none,Manitoba,nuc_lc,Gwa,0.0
MESSAGEix,none,Manitoba,oil_exp,Gwa,1.75668890110875
MESSAGEix,none,Manitoba,oil_extr_1,Gwa,0.18363558149911358
MESSAGEix,none,Manitoba,oil_extr_2,Gwa,1.2126878023526364
MESSAGEix,none,Manitoba,oil_extr_3,Gwa,0.36615700981184307
MESSAGEix,none,Manitoba,oil_extr_4,Gwa,1.2275047209587475
MESSAGEix,none,Manitoba,oil_extr_mpen,Gwa,2.9899851146223457
MESSAGEix,none,Manitoba,oil_imp,Gwa,0.5877008686949357
MESSAGEix,none,Manitoba,ref_hil,Gwa,0.4202127689949476
MESSAGEix,none,Manitoba,ref_lol,Gwa,2.665125846414742
MESSAGEix,none,Manitoba,solar_pv_ppl,Gwa,0.0
MESSAGEix,none,Manitoba,solar_rc,Gwa,0.001831178347956866
MESSAGEix,none,Manitoba,sp_el_I,Gwa,0.754375957328767
MESSAGEix,none,Manitoba,sp_el_RC,Gwa,1.71201168289954
MESSAGEix,none,Manitoba,wind_ppl,Gwa,0.098173515981735
MESSAGEix,none,NewBrunswick,bio_ppl,Gwa,0.0412100456621005
MESSAGEix,none,NewBrunswick,biomass_i,Gwa,0.14733662419072258
MESSAGEix,none,NewBrunswick,biomass_nc,Gwa,0.11497058068386158
MESSAGEix,none,NewBrunswick,biomass_rc,Gwa,0.21231018835399398
MESSAGEix,none,NewBrunswick,biomass_t_d,Gwa,0.3316888386586111
MESSAGEix,none,NewBrunswick,coal_exp,Gwa,0.9213252783500259
MESSAGEix,none,NewBrunswick,coal_extr,Gwa,1.6492127408260877
MESSAGEix,none,NewBrunswick,coal_extr_mpen,Gwa,1.6492127408260877
MESSAGEix,none,NewBrunswick,coal_fs,Gwa,0.0028803103064713766
MESSAGEix,none,NewBrunswick,coal_i,Gwa,0.052033475548203235
MESSAGEix,none,NewBrunswick,coal_imp,Gwa,0.25834919827896263
MESSAGEix,none,NewBrunswick,coal_ppl,Gwa,0.270892511415525
MESSAGEix,none,NewBrunswick,coal_rc,Gwa,0.03440934730978592
MESSAGEix,none,NewBrunswick,coal_t_d,Gwa,0.07522249263163393
MESSAGEix,none,NewBrunswick,elec_exp,Gwa,0.0323059360730594
MESSAGEix,none,NewBrunswick,elec_i,Gwa,0.004555427139177056
MESSAGEix,none,NewBrunswick,elec_imp,Gwa,0.137785388127854
MESSAGEix,none,NewBrunswick,elec_t_d,Gwa,0.2752348185189907
MESSAGEix,none,NewBrunswick,elec_trp,Gwa,0.0
MESSAGEix,none,NewBrunswick,eth_bio,Gwa,0.0242166151249894
MESSAGEix,none,NewBrunswick,eth_exp,Gwa,0.0040393986437558885
MESSAGEix,none,NewBrunswick,eth_ic_trp,Gwa,0.03885469703190079
MESSAGEix,none,NewBrunswick,eth_imp,Gwa,0.01867583248920511
MESSAGEix,none,NewBrunswick,foil_exp,Gwa,2.062610504444104
MESSAGEix,none,NewBrunswick,foil_fs,Gwa,1.4079062500213408
MESSAGEix,none,NewBrunswick,foil_i,Gwa,0.3268224067225752
MESSAGEix,none,NewBrunswick,foil_imp,Gwa,1.1629634959971602
MESSAGEix,none,NewBrunswick,foil_ppl,Gwa,0.108952674645709
MESSAGEix,none,NewBrunswick,foil_rc,Gwa,0.2563538332324591
MESSAGEix,none,NewBrunswick,foil_t_d,Gwa,2.2132215274609597
MESSAGEix,none,NewBrunswick,foil_trp,Gwa,0.0
MESSAGEix,none,NewBrunswick,gas_cc,Gwa,0.0
MESSAGEix,none,NewBrunswick,gas_ct,Gwa,0.188
MESSAGEix,none,NewBrunswick,gas_exp,Gwa,2.442698220837956
MESSAGEix,none,NewBrunswick,gas_extr_1,Gwa,2.494400583408499
MESSAGEix,none,NewBrunswick,gas_extr_2,Gwa,4.378909536397268
MESSAGEix,none,NewBrunswick,gas_extr_mpen,Gwa,6.873310119805743
MESSAGEix,none,NewBrunswick,gas_fs,Gwa,0.16013031767771513
MESSAGEix,none,NewBrunswick,gas_i,Gwa,0.5623824219447128
MESSAGEix,none,NewBrunswick,gas_imp,Gwa,0.8177296072834002
MESSAGEix,none,NewBrunswick,gas_ppl,Gwa,0.252511415525114
MESSAGEix,none,NewBrunswick,gas_rc,Gwa,0.06752799444757555
MESSAGEix,none,NewBrunswick,gas_t_d,Gwa,2.1483325511226505
MESSAGEix,none,NewBrunswick,gas_trp,Gwa,0.0
MESSAGEix,none,NewBrunswick,heat_i,Gwa,0.013217452926528856
MESSAGEix,none,NewBrunswick,heat_rc,Gwa,0.0006855935682588534
MESSAGEix,none,NewBrunswick,heat_t_d,Gwa,0.013903046494787711
MESSAGEix,none,NewBrunswick,hydro_lc,Gwa,0.29822203196347
MESSAGEix,none,NewBrunswick,land_use_biomass,Gwa,0.1894485859817515
MESSAGEix,none,NewBrunswick,landfill_ele,Gwa,0.0004993626230346937
MESSAGEix,none,NewBrunswick,loil_exp,Gwa,19.969857033165102
MESSAGEix,none,NewBrunswick,loil_fs,Gwa,4.604754265098158
MESSAGEix,none,NewBrunswick,loil_i,Gwa,1.2098513266920952
MESSAGEix,none,NewBrunswick,loil_imp,Gwa,3.528816277976376
MESSAGEix,none,NewBrunswick,loil_ppl,Gwa,0.0306839183292122
MESSAGEix,none,NewBrunswick,loil_rc,Gwa,2.947637227399974
MESSAGEix,none,NewBrunswick,loil_t_d,Gwa,27.603940758148028
MESSAGEix,none,NewBrunswick,loil_trp,Gwa,1.70979199744292
MESSAGEix,none,NewBrunswick,nuc_lc,Gwa,0.488246118721461
MESSAGEix,none,NewBrunswick,oil_exp,Gwa,49.85645727534844
MESSAGEix,none,NewBrunswick,oil_extr_1,Gwa,5.211747804329951
MESSAGEix,none,NewBrunswick,oil_extr_2,Gwa,34.417202481424184
MESSAGEix,none,NewBrunswick,oil_extr_3,Gwa,10.391874909798485
MESSAGEix,none,NewBrunswick,oil_extr_4,Gwa,34.83772034828817
MESSAGEix,none,NewBrunswick,oil_extr_mpen,Gwa,84.85854554384096
MESSAGEix,none,NewBrunswick,oil_imp,Gwa,16.679494720027453
MESSAGEix,none,NewBrunswick,ref_hil,Gwa,0.211030974106754
MESSAGEix,none,NewBrunswick,ref_lol,Gwa,1.3384269707728762
MESSAGEix,none,NewBrunswick,solar_pv_ppl,Gwa,0.0
MESSAGEix,none,NewBrunswick,solar_rc,Gwa,0.0009196182958856736
MESSAGEix,none,NewBrunswick,sp_el_I,Gwa,0.521943180228311
MESSAGEix,none,NewBrunswick,sp_el_RC,Gwa,1.01217656821918
MESSAGEix,none,NewBrunswick,wind_ppl,Gwa,0.084132420091324
MESSAGEix,none,NewfoundlandandLabrador,bio_ppl,Gwa,0.0
MESSAGEix,none,NewfoundlandandLabrador,biomass_i,Gwa,0.0
MESSAGEix,none,NewfoundlandandLabrador,biomass_nc,Gwa,0.0
MESSAGEix,none,NewfoundlandandLabrador,biomass_rc,Gwa,0.15210282150733898
MESSAGEix,none,NewfoundlandandLabrador,biomass_t_d,Gwa,0.0
MESSAGEix,none,NewfoundlandandLabrador,coal_exp,Gwa,0.0
MESSAGEix,none,NewfoundlandandLabrador,coal_extr,Gwa,0.0
MESSAGEix,none,NewfoundlandandLabrador,coal_extr_mpen,Gwa,0.0
MESSAGEix,none,NewfoundlandandLabrador,coal_fs,Gwa,0.0
MESSAGEix,none,NewfoundlandandLabrador,coal_i,Gwa,0.0
MESSAGEix,none,NewfoundlandandLabrador,coal_imp,Gwa,0.0
MESSAGEix,none,NewfoundlandandLabrador,coal_ppl,Gwa,0.0
MESSAGEix,none,NewfoundlandandLabrador,coal_rc,Gwa,0.027444361551923185
MESSAGEix,none,NewfoundlandandLabrador,coal_t_d,Gwa,0.0
MESSAGEix,none,NewfoundlandandLabrador,elec_exp,Gwa,0.0
MESSAGEix,none,NewfoundlandandLabrador,elec_i,Gwa,0.0
MESSAGEix,none,NewfoundlandandLabrador,elec_imp,Gwa,0.0
MESSAGEix,none,NewfoundlandandLabrador,elec_t_d,Gwa,0.0
MESSAGEix,none,NewfoundlandandLabrador,elec_trp,Gwa,0.0
MESSAGEix,none,NewfoundlandandLabrador,eth_bio,Gwa,0.024982810214535786
MESSAGEix,none,NewfoundlandandLabrador,eth_exp,Gwa,0.004167202112142862
MESSAGEix,none,NewfoundlandandLabrador,eth_ic_trp,Gwa,0.04008402978208083
MESSAGEix,none,NewfoundlandandLabrador,eth_imp,Gwa,0.01926672147482779
MESSAGEix,none,NewfoundlandandLabrador,foil_exp,Gwa,1.6420633271032765
MESSAGEix,none,NewfoundlandandLabrador,foil_fs,Gwa,1.120847206090718
MESSAGEix,none,NewfoundlandandLabrador,foil_i,Gwa,0.2601863451187109
MESSAGEix,none,NewfoundlandandLabrador,foil_imp,Gwa,0.9258460108790287
MESSAGEix,none,NewfoundlandandLabrador,foil_ppl,Gwa,0.0867382334377043
MESSAGEix,none,NewfoundlandandLabrador,foil_rc,Gwa,0.11195125702368652
MESSAGEix,none,NewfoundlandandLabrador,foil_t_d,Gwa,1.7619661575313315
MESSAGEix,none,NewfoundlandandLabrador,foil_trp,Gwa,0.0256849317123288
MESSAGEix,none,NewfoundlandandLabrador,gas_cc,Gwa,0.0
MESSAGEix,none,NewfoundlandandLabrador,gas_ct,Gwa,0.043
MESSAGEix,none,NewfoundlandandLabrador,gas_exp,Gwa,1.0181590233329962
MESSAGEix,none,NewfoundlandandLabrador,gas_extr_1,Gwa,1.039709465597933
MESSAGEix,none,NewfoundlandandLabrador,gas_extr_2,Gwa,1.8252055120064499
MESSAGEix,none,NewfoundlandandLabrador,gas_extr_mpen,Gwa,2.864914977604373
MESSAGEix,none,NewfoundlandandLabrador,gas_fs,Gwa,0.066745096247221
MESSAGEix,none,NewfoundlandandLabrador,gas_i,Gwa,0.23441075634404313
MESSAGEix,none,NewfoundlandandLabrador,gas_imp,Gwa,0.34084389598340525
MESSAGEix,none,NewfoundlandandLabrador,gas_ppl,Gwa,0.105251141552511
MESSAGEix,none,NewfoundlandandLabrador,gas_rc,Gwa,0.037274461933072225
MESSAGEix,none,NewfoundlandandLabrador,gas_t_d,Gwa,0.8954623020502156
MESSAGEix,none,NewfoundlandandLabrador,gas_trp,Gwa,0.0
MESSAGEix,none,NewfoundlandandLabrador,heat_i,Gwa,0.013635642978125563
MESSAGEix,none,NewfoundlandandLabrador,heat_rc,Gwa,0.0007072852218080091
MESSAGEix,none,NewfoundlandandLabrador,heat_t_d,Gwa,0.014342928199933571
MESSAGEix,none,NewfoundlandandLabrador,hydro_lc,Gwa,4.53044634703196
MESSAGEix,none,NewfoundlandandLabrador,land_use_biomass,Gwa,0.1954425936311086
MESSAGEix,none,NewfoundlandandLabrador,landfill_ele,Gwa,0.0005151620726149682
MESSAGEix,none,NewfoundlandandLabrador,loil_exp,Gwa,15.898188150890745
MESSAGEix,none,NewfoundlandandLabrador,loil_fs,Gwa,3.665887521055741
MESSAGEix,none,NewfoundlandandLabrador,loil_i,Gwa,0.9631738471843818
MESSAGEix,none,NewfoundlandandLabrador,loil_imp,Gwa,2.809323323848684
MESSAGEix,none,NewfoundlandandLabrador,loil_ppl,Gwa,0.0244277515855137
MESSAGEix,none,NewfoundlandandLabrador,loil_rc,Gwa,2.3466412986306366
MESSAGEix,none,NewfoundlandandLabrador,loil_t_d,Gwa,21.975752913516157
MESSAGEix,none,NewfoundlandandLabrador,loil_trp,Gwa,1.54046170689498
MESSAGEix,none,NewfoundlandandLabrador,nuc_lc,Gwa,0.0
MESSAGEix,none,NewfoundlandandLabrador,oil_exp,Gwa,39.69118742232198
MESSAGEix,none,NewfoundlandandLabrador,oil_extr_1,Gwa,4.149120699793834
MESSAGEix,none,NewfoundlandandLabrador,oil_extr_2,Gwa,27.3998536778838
MESSAGEix,none,NewfoundlandandLabrador,oil_extr_3,Gwa,8.273067868343727
MESSAGEix,none,NewfoundlandandLabrador,oil_extr_4,Gwa,27.734631846656463
MESSAGEix,none,NewfoundlandandLabrador,oil_extr_mpen,Gwa,67.55667409267795
MESSAGEix,none,NewfoundlandandLabrador,oil_imp,Gwa,13.27870023708203
MESSAGEix,none,NewfoundlandandLabrador,ref_hil,Gwa,0.21770783192805757
MESSAGEix,none,NewfoundlandandLabrador,ref_lol,Gwa,1.3807737714066444
MESSAGEix,none,NewfoundlandandLabrador,solar_pv_ppl,Gwa,0.0
MESSAGEix,none,NewfoundlandandLabrador,solar_rc,Gwa,0.0009487143119443969
MESSAGEix,none,NewfoundlandandLabrador,sp_el_I,Gwa,0.377663625547945
MESSAGEix,none,NewfoundlandandLabrador,sp_el_RC,Gwa,0.783866064109589
MESSAGEix,none,NewfoundlandandLabrador,wind_ppl,Gwa,0.021575342465754
MESSAGEix,none,NorthwestTerritories,bio_ppl,Gwa,0.0
MESSAGEix,none,NorthwestTerritories,biomass_i,Gwa,0.0
MESSAGEix,none,NorthwestTerritories,biomass_nc,Gwa,0.0
MESSAGEix,none,NorthwestTerritories,biomass_rc,Gwa,0.0
MESSAGEix,none,NorthwestTerritories,biomass_t_d,Gwa,0.0
MESSAGEix,none,NorthwestTerritories,coal_exp,Gwa,0.0
MESSAGEix,none,NorthwestTerritories,coal_extr,Gwa,0.0
MESSAGEix,none,NorthwestTerritories,coal_extr_mpen,Gwa,0.0
MESSAGEix,none,NorthwestTerritories,coal_fs,Gwa,0.0
MESSAGEix,none,NorthwestTerritories,coal_i,Gwa,0.0
MESSAGEix,none,NorthwestTerritories,coal_imp,Gwa,0.0
MESSAGEix,none,NorthwestTerritories,coal_ppl,Gwa,0.0
MESSAGEix,none,NorthwestTerritories,coal_rc,Gwa,0.0
MESSAGEix,none,NorthwestTerritories,coal_t_d,Gwa,0.0
MESSAGEix,none,NorthwestTerritories,elec_exp,Gwa,0.0
MESSAGEix,none,NorthwestTerritories,elec_i,Gwa,0.0
MESSAGEix,none,NorthwestTerritories,elec_imp,Gwa,0.0
MESSAGEix,none,NorthwestTerritories,elec_t_d,Gwa,0.0
MESSAGEix,none,NorthwestTerritories,elec_trp,Gwa,0.0
MESSAGEix,none,NorthwestTerritories,eth_bio,Gwa,0.0036218064618615655
MESSAGEix,none,NorthwestTerritories,eth_exp,Gwa,0.000604127374303981
MESSAGEix,none,NorthwestTerritories,eth_ic_trp,Gwa,0.005811059557972524
MESSAGEix,none,NorthwestTerritories,eth_imp,Gwa,0.0027931339884180793
MESSAGEix,none,NorthwestTerritories,foil_exp,Gwa,0.5866186175294343
MESSAGEix,none,NorthwestTerritories,foil_fs,Gwa,0.4004168582575697
MESSAGEix,none,NorthwestTerritories,foil_i,Gwa,0.09295022399825809
MESSAGEix,none,NorthwestTerritories,foil_imp,Gwa,0.3307536913969691
MESSAGEix,none,NorthwestTerritories,foil_ppl,Gwa,0.030986784581525
MESSAGEix,none,NorthwestTerritories,foil_rc,Gwa,0.0
MESSAGEix,none,NorthwestTerritories,foil_t_d,Gwa,0.6294532825893088
MESSAGEix,none,NorthwestTerritories,foil_trp,Gwa,0.0
MESSAGEix,none,NorthwestTerritories,gas_cc,Gwa,0.0
MESSAGEix,none,NorthwestTerritories,gas_ct,Gwa,0.0195
MESSAGEix,none,NorthwestTerritories,gas_exp,Gwa,0.09386421287634189
MESSAGEix,none,NorthwestTerritories,gas_extr_1,Gwa,0.0958509509535762
MESSAGEix,none,NorthwestTerritories,gas_extr_2,Gwa,0.16826593370573517
MESSAGEix,none,NorthwestTerritories,gas_extr_mpen,Gwa,0.26411688465931044
MESSAGEix,none,NorthwestTerritories,gas_fs,Gwa,0.006153239110028567
MESSAGEix,none,NorthwestTerritories,gas_i,Gwa,0.021610358136349202
MESSAGEix,none,NorthwestTerritories,gas_imp,Gwa,0.031422443132171234
MESSAGEix,none,NorthwestTerritories,gas_ppl,Gwa,0.009703116438356
MESSAGEix,none,NorthwestTerritories,gas_rc,Gwa,0.0
MESSAGEix,none,NorthwestTerritories,gas_t_d,Gwa,0.082552786172078
MESSAGEix,none,NorthwestTerritories,gas_trp,Gwa,0.0
MESSAGEix,none,NorthwestTerritories,heat_i,Gwa,0.001976785614817596
MESSAGEix,none,NorthwestTerritories,heat_rc,Gwa,0.00010253651069378053
MESSAGEix,none,NorthwestTerritories,heat_t_d,Gwa,0.0020793221255113762
MESSAGEix,none,NorthwestTerritories,hydro_lc,Gwa,0.025982237442922
MESSAGEix,none,NorthwestTerritories,land_use_biomass,Gwa,0.028333691944882992
MESSAGEix,none,NorthwestTerritories,landfill_ele,Gwa,7.468404504859496e-05
MESSAGEix,none,NorthwestTerritories,loil_exp,Gwa,5.679545362449831
MESSAGEix,none,NorthwestTerritories,loil_fs,Gwa,1.3096193271752354
MESSAGEix,none,NorthwestTerritories,loil_i,Gwa,0.34408886755454093
MESSAGEix,none,NorthwestTerritories,loil_imp,Gwa,1.0036162048247599
MESSAGEix,none,NorthwestTerritories,loil_ppl,Gwa,0.00872668771534243
MESSAGEix,none,NorthwestTerritories,loil_rc,Gwa,0.8383254480620892
MESSAGEix,none,NorthwestTerritories,loil_t_d,Gwa,7.850723891408409
MESSAGEix,none,NorthwestTerritories,loil_trp,Gwa,0.138254694155251
MESSAGEix,none,NorthwestTerritories,nuc_lc,Gwa,0.0
MESSAGEix,none,NorthwestTerritories,oil_exp,Gwa,14.179471101676814
MESSAGEix,none,NorthwestTerritories,oil_extr_1,Gwa,1.482251877075589
MESSAGEix,none,NorthwestTerritories,oil_extr_2,Gwa,9.788455792008602
MESSAGEix,none,NorthwestTerritories,oil_extr_3,Gwa,2.955510640516087
MESSAGEix,none,NorthwestTerritories,oil_extr_4,Gwa,9.908053558612949
MESSAGEix,none,NorthwestTerritories,oil_extr_mpen,Gwa,24.134271868213272
MESSAGEix,none,NorthwestTerritories,oil_imp,Gwa,4.7437468744924445
MESSAGEix,none,NorthwestTerritories,ref_hil,Gwa,0.0315615267339356
MESSAGEix,none,NorthwestTerritories,ref_lol,Gwa,0.20017345225397698
MESSAGEix,none,NorthwestTerritories,solar_pv_ppl,Gwa,0.0
MESSAGEix,none,NorthwestTerritories,solar_rc,Gwa,0.00013753695424790756
MESSAGEix,none,NorthwestTerritories,sp_el_I,Gwa,0.000951293767123288
MESSAGEix,none,NorthwestTerritories,sp_el_RC,Gwa,0.0342465756164384
MESSAGEix,none,NorthwestTerritories,wind_ppl,Gwa,0.000600194063927
MESSAGEix,none,NovaScotia,bio_ppl,Gwa,0.0329908675799087
MESSAGEix,none,NovaScotia,biomass_i,Gwa,0.11795092629118782
MESSAGEix,none,NovaScotia,biomass_nc,Gwa,0.09204016015965646
MESSAGEix,none,NovaScotia,biomass_rc,Gwa,0.34856896595431847
MESSAGEix,none,NovaScotia,biomass_t_d,Gwa,0.26553483205633954
MESSAGEix,none,NovaScotia,coal_exp,Gwa,2.1462092355420035
MESSAGEix,none,NovaScotia,coal_extr,Gwa,3.8418088582931054
MESSAGEix,none,NovaScotia,coal_extr_mpen,Gwa,3.8418088582931054
MESSAGEix,none,NovaScotia,coal_fs,Gwa,0.0067096265849194954
MESSAGEix,none,NovaScotia,coal_i,Gwa,0.12121096468654127
MESSAGEix,none,NovaScotia,coal_imp,Gwa,0.6018194098984979
MESSAGEix,none,NovaScotia,coal_ppl,Gwa,0.631038812785388
MESSAGEix,none,NovaScotia,coal_rc,Gwa,0.04236133908152838
MESSAGEix,none,NovaScotia,coal_t_d,Gwa,0.175229326927431
MESSAGEix,none,NovaScotia,elec_exp,Gwa,0.0
MESSAGEix,none,NovaScotia,elec_i,Gwa,0.0
MESSAGEix,none,NovaScotia,elec_imp,Gwa,0.0
MESSAGEix,none,NovaScotia,elec_t_d,Gwa,0.0
MESSAGEix,none,NovaScotia,elec_trp,Gwa,0.0
MESSAGEix,none,NovaScotia,eth_bio,Gwa,0.02912374984785066
MESSAGEix,none,NovaScotia,eth_exp,Gwa,0.004857922340893015
MESSAGEix,none,NovaScotia,eth_ic_trp,Gwa,0.04672802003626835
MESSAGEix,none,NovaScotia,eth_imp,Gwa,0.022460210512851752
MESSAGEix,none,NovaScotia,foil_exp,Gwa,0.3808141777171204
MESSAGEix,none,NovaScotia,foil_fs,Gwa,0.25993790865967187
MESSAGEix,none,NovaScotia,foil_i,Gwa,0.06034033367299788
MESSAGEix,none,NovaScotia,foil_imp,Gwa,0.21471479297180499
MESSAGEix,none,NovaScotia,foil_ppl,Gwa,0.0201156365275415
MESSAGEix,none,NovaScotia,foil_rc,Gwa,0.4467301106140423
MESSAGEix,none,NovaScotia,foil_t_d,Gwa,0.40862108200744635
MESSAGEix,none,NovaScotia,foil_trp,Gwa,0.0193746830570776
MESSAGEix,none,NovaScotia,gas_cc,Gwa,0.0
MESSAGEix,none,NovaScotia,gas_ct,Gwa,0.098
MESSAGEix,none,NovaScotia,gas_exp,Gwa,1.2555822229171578
MESSAGEix,none,NovaScotia,gas_extr_1,Gwa,1.282157985233029
MESSAGEix,none,NovaScotia,gas_extr_2,Gwa,2.2508228494049223
MESSAGEix,none,NovaScotia,gas_extr_mpen,Gwa,3.532980834637939
MESSAGEix,none,NovaScotia,gas_fs,Gwa,0.08230929981897012
MESSAGEix,none,NovaScotia,gas_i,Gwa,0.28907270061082174
MESSAGEix,none,NovaScotia,gas_imp,Gwa,0.4203248478667382
MESSAGEix,none,NovaScotia,gas_ppl,Gwa,0.129794520547945
MESSAGEix,none,NovaScotia,gas_rc,Gwa,0.07326221966991248
MESSAGEix,none,NovaScotia,gas_t_d,Gwa,1.104274010228956
MESSAGEix,none,NovaScotia,gas_trp,Gwa,0.00634195844748858
MESSAGEix,none,NovaScotia,heat_i,Gwa,0.01589577200080048
MESSAGEix,none,NovaScotia,heat_rc,Gwa,0.0008245188469243142
MESSAGEix,none,NovaScotia,heat_t_d,Gwa,0.016720290847724795
MESSAGEix,none,NovaScotia,hydro_lc,Gwa,0.115935662100457
MESSAGEix,none,NovaScotia,land_use_biomass,Gwa,0.22783750737600128
MESSAGEix,none,NovaScotia,landfill_ele,Gwa,0.0006005509870626616
MESSAGEix,none,NovaScotia,loil_exp,Gwa,3.6869804884770603
MESSAGEix,none,NovaScotia,loil_fs,Gwa,0.8501632786580637
MESSAGEix,none,NovaScotia,loil_i,Gwa,0.2233715658586689
MESSAGEix,none,NovaScotia,loil_imp,Gwa,0.6515157691270174
MESSAGEix,none,NovaScotia,loil_ppl,Gwa,0.00566508853828777
MESSAGEix,none,NovaScotia,loil_rc,Gwa,0.5442142588443873
MESSAGEix,none,NovaScotia,loil_t_d,Gwa,5.096440641079427
MESSAGEix,none,NovaScotia,loil_trp,Gwa,2.03418317203196
MESSAGEix,none,NovaScotia,nuc_lc,Gwa,0.0
MESSAGEix,none,NovaScotia,oil_exp,Gwa,9.204862352971242
MESSAGEix,none,NovaScotia,oil_extr_1,Gwa,0.9622308478981676
MESSAGEix,none,NovaScotia,oil_extr_2,Gwa,6.354354655931292
MESSAGEix,none,NovaScotia,oil_extr_3,Gwa,1.9186236520116238
MESSAGEix,none,NovaScotia,oil_extr_4,Gwa,6.431993728039251
MESSAGEix,none,NovaScotia,oil_extr_mpen,Gwa,15.667202883880362
MESSAGEix,none,NovaScotia,oil_imp,Gwa,3.079489827506808
MESSAGEix,none,NovaScotia,ref_hil,Gwa,0.2537932435359726
MESSAGEix,none,NovaScotia,ref_lol,Gwa,1.609639170677567
MESSAGEix,none,NovaScotia,solar_pv_ppl,Gwa,0.0
MESSAGEix,none,NovaScotia,solar_rc,Gwa,0.0011059651840955947
MESSAGEix,none,NovaScotia,sp_el_I,Gwa,0.258117708812785
MESSAGEix,none,NovaScotia,sp_el_RC,Gwa,0.882800615890411
MESSAGEix,none,NovaScotia,wind_ppl,Gwa,0.093415867579909
MESSAGEix,none,Nunavut,bio_ppl,Gwa,0.0
MESSAGEix,none,Nunavut,biomass_i,Gwa,0.0
MESSAGEix,none,Nunavut,biomass_nc,Gwa,0.0
MESSAGEix,none,Nunavut,biomass_rc,Gwa,0.0
MESSAGEix,none,Nunavut,biomass_t_d,Gwa,0.0
MESSAGEix,none,Nunavut,coal_exp,Gwa,0.0
MESSAGEix,none,Nunavut,coal_extr,Gwa,0.0
MESSAGEix,none,Nunavut,coal_extr_mpen,Gwa,0.0
MESSAGEix,none,Nunavut,coal_fs,Gwa,0.0
MESSAGEix,none,Nunavut,coal_i,Gwa,0.0
MESSAGEix,none,Nunavut,coal_imp,Gwa,0.0
MESSAGEix,none,Nunavut,coal_ppl,Gwa,0.0
MESSAGEix,none,Nunavut,coal_rc,Gwa,0.0
MESSAGEix,none,Nunavut,coal_t_d,Gwa,0.0
MESSAGEix,none,Nunavut,elec_exp,Gwa,0.0
MESSAGEix,none,Nunavut,elec_i,Gwa,0.0
MESSAGEix,none,Nunavut,elec_imp,Gwa,0.0
MESSAGEix,none,Nunavut,elec_t_d,Gwa,0.0
MESSAGEix,none,Nunavut,elec_trp,Gwa,0.0
MESSAGEix,none,Nunavut,eth_bio,Gwa,0.0017976407046527807
MESSAGEix,none,Nunavut,eth_exp,Gwa,0.00029985146094351194
MESSAGEix,none,Nunavut,eth_ic_trp,Gwa,0.0028842505276231085
MESSAGEix,none,Nunavut,eth_imp,Gwa,0.001386338945496482
MESSAGEix,none,Nunavut,foil_exp,Gwa,0.26324035454376343
MESSAGEix,none,Nunavut,foil_fs,Gwa,0.17968382281650583
MESSAGEix,none,Nunavut,foil_i,Gwa,0.04171066036613807
MESSAGEix,none,Nunavut,foil_imp,Gwa,0.1484230407767921
MESSAGEix,none,Nunavut,foil_ppl,Gwa,0.0139050686692578
MESSAGEix,none,Nunavut,foil_rc,Gwa,0.0
MESSAGEix,none,Nunavut,foil_t_d,Gwa,0.28246206364091614
MESSAGEix,none,Nunavut,foil_trp,Gwa,0.0
MESSAGEix,none,Nunavut,gas_cc,Gwa,0.0
MESSAGEix,none,Nunavut,gas_ct,Gwa,0.0
MESSAGEix,none,Nunavut,gas_exp,Gwa,0.0
MESSAGEix,none,Nunavut,gas_extr_1,Gwa,0.0
MESSAGEix,none,Nunavut,gas_extr_2,Gwa,0.0
MESSAGEix,none,Nunavut,gas_extr_mpen,Gwa,0.0
MESSAGEix,none,Nunavut,gas_fs,Gwa,0.0
MESSAGEix,none,Nunavut,gas_i,Gwa,0.0
MESSAGEix,none,Nunavut,gas_imp,Gwa,0.0
MESSAGEix,none,Nunavut,gas_ppl,Gwa,0.0
MESSAGEix,none,Nunavut,gas_rc,Gwa,0.0
MESSAGEix,none,Nunavut,gas_t_d,Gwa,0.0
MESSAGEix,none,Nunavut,gas_trp,Gwa,0.0
MESSAGEix,none,Nunavut,heat_i,Gwa,0.0009811541072080644
MESSAGEix,none,Nunavut,heat_rc,Gwa,5.089278162076743e-05
MESSAGEix,none,Nunavut,heat_t_d,Gwa,0.001032046888828832
MESSAGEix,none,Nunavut,hydro_lc,Gwa,0.0
MESSAGEix,none,Nunavut,land_use_biomass,Gwa,0.014063092130835425
MESSAGEix,none,Nunavut,landfill_ele,Gwa,3.706854045935705e-05
MESSAGEix,none,Nunavut,loil_exp,Gwa,2.5486499919748415
MESSAGEix,none,Nunavut,loil_fs,Gwa,0.5876810685874233
MESSAGEix,none,Nunavut,loil_i,Gwa,0.15440709309754358
MESSAGEix,none,Nunavut,loil_imp,Gwa,0.4503646452555364
MESSAGEix,none,Nunavut,loil_ppl,Gwa,0.00391603044897256
MESSAGEix,none,Nunavut,loil_rc,Gwa,0.37619175657999193
MESSAGEix,none,Nunavut,loil_t_d,Gwa,3.522948775992188
MESSAGEix,none,Nunavut,loil_trp,Gwa,0.0535895488812785
MESSAGEix,none,Nunavut,nuc_lc,Gwa,0.0
MESSAGEix,none,Nunavut,oil_exp,Gwa,6.362922840342965
MESSAGEix,none,Nunavut,oil_extr_1,Gwa,0.665148527484228
MESSAGEix,none,Nunavut,oil_extr_2,Gwa,4.39249027583924
MESSAGEix,none,Nunavut,oil_extr_3,Gwa,1.3262614680453477
MESSAGEix,none,Nunavut,oil_extr_4,Gwa,4.44615880517464
MESSAGEix,none,Nunavut,oil_extr_mpen,Gwa,10.830059076543474
MESSAGEix,none,Nunavut,oil_imp,Gwa,2.128717998017857
MESSAGEix,none,Nunavut,ref_hil,Gwa,0.01566518966580776
MESSAGEix,none,Nunavut,ref_lol,Gwa,0.0993537201813002
MESSAGEix,none,Nunavut,solar_pv_ppl,Gwa,0.0
MESSAGEix,none,Nunavut,solar_rc,Gwa,6.826483688554862e-05
MESSAGEix,none,Nunavut,sp_el_I,Gwa,0.00634195844748858
MESSAGEix,none,Nunavut,sp_el_RC,Gwa,0.0114155252054795
MESSAGEix,none,Nunavut,wind_ppl,Gwa,0.0
MESSAGEix,none,Ontario,bio_ppl,Gwa,0.0933219178082192
MESSAGEix,none,Ontario,biomass_i,Gwa,0.33365011156763325
MESSAGEix,none,Ontario,biomass_nc,Gwa,0.26035581636857835
MESSAGEix,none,Ontario,biomass_rc,Gwa,1.2770299389053668
MESSAGEix,none,Ontario,biomass_t_d,Gwa,0.7511236166299566
MESSAGEix,none,Ontario,coal_exp,Gwa,0.0
MESSAGEix,none,Ontario,coal_extr,Gwa,0.0
MESSAGEix,none,Ontario,coal_extr_mpen,Gwa,0.0
MESSAGEix,none,Ontario,coal_fs,Gwa,0.0
MESSAGEix,none,Ontario,coal_i,Gwa,0.0
MESSAGEix,none,Ontario,coal_imp,Gwa,0.0
MESSAGEix,none,Ontario,coal_ppl,Gwa,0.0
MESSAGEix,none,Ontario,coal_rc,Gwa,0.5038405962430603
MESSAGEix,none,Ontario,coal_t_d,Gwa,0.0
MESSAGEix,none,Ontario,elec_exp,Gwa,2.24212328767123
MESSAGEix,none,Ontario,elec_i,Gwa,0.3161595209914358
MESSAGEix,none,Ontario,elec_imp,Gwa,0.0571917808219178
MESSAGEix,none,Ontario,elec_t_d,Gwa,19.102074454174847
MESSAGEix,none,Ontario,elec_trp,Gwa,0.0485159821232877
MESSAGEix,none,Ontario,eth_bio,Gwa,0.5494065928647616
MESSAGEix,none,Ontario,eth_exp,Gwa,0.09164254519610252
MESSAGEix,none,Ontario,eth_ic_trp,Gwa,0.8815033233550849
MESSAGEix,none,Ontario,eth_imp,Gwa,0.4237018858271048
MESSAGEix,none,Ontario,foil_exp,Gwa,0.39937065574061414
MESSAGEix,none,Ontario,foil_fs,Gwa,0.27260427554346794
MESSAGEix,none,Ontario,foil_i,Gwa,0.06328062356043222
MESSAGEix,none,Ontario,foil_imp,Gwa,0.22517750830710437
MESSAGEix,none,Ontario,foil_ppl,Gwa,0.0210958399679428
MESSAGEix,none,Ontario,foil_rc,Gwa,0.5070094050244632
MESSAGEix,none,Ontario,foil_t_d,Gwa,0.42853254689476467
MESSAGEix,none,Ontario,foil_trp,Gwa,0.498129126257991
MESSAGEix,none,Ontario,gas_cc,Gwa,2.390469
MESSAGEix,none,Ontario,gas_ct,Gwa,5.12991
MESSAGEix,none,Ontario,gas_exp,Gwa,21.426615542006697
MESSAGEix,none,Ontario,gas_extr_1,Gwa,21.880133146417297
MESSAGEix,none,Ontario,gas_extr_2,Gwa,38.41047998856967
MESSAGEix,none,Ontario,gas_extr_mpen,Gwa,60.29061313498676
MESSAGEix,none,Ontario,gas_fs,Gwa,1.4046150786169547
MESSAGEix,none,Ontario,gas_i,Gwa,4.933049788875792
MESSAGEix,none,Ontario,gas_imp,Gwa,7.172878648336256
MESSAGEix,none,Ontario,gas_ppl,Gwa,2.21495433789954
MESSAGEix,none,Ontario,gas_rc,Gwa,15.140568357543033
MESSAGEix,none,Ontario,gas_t_d,Gwa,18.844528250195633
MESSAGEix,none,Ontario,gas_trp,Gwa,0.0190258753424658
MESSAGEix,none,Ontario,heat_i,Gwa,0.2998666717555048
MESSAGEix,none,Ontario,heat_rc,Gwa,0.015554181477592268
MESSAGEix,none,Ontario,heat_t_d,Gwa,0.31542085323309704
MESSAGEix,none,Ontario,hydro_lc,Gwa,4.03641552511416
MESSAGEix,none,Ontario,land_use_biomass,Gwa,4.298053283254897
MESSAGEix,none,Ontario,landfill_ele,Gwa,0.011329127374303983
MESSAGEix,none,Ontario,loil_exp,Gwa,3.866641269012139
MESSAGEix,none,Ontario,loil_fs,Gwa,0.8915904027514326
MESSAGEix,none,Ontario,loil_i,Gwa,0.23425611216883602
MESSAGEix,none,Ontario,loil_imp,Gwa,0.6832631114246224
MESSAGEix,none,Ontario,loil_ppl,Gwa,0.0059411394237671
MESSAGEix,none,Ontario,loil_rc,Gwa,0.5707329667214361
MESSAGEix,none,Ontario,loil_t_d,Gwa,5.344782205779498
MESSAGEix,none,Ontario,loil_trp,Gwa,23.4703198224657
MESSAGEix,none,Ontario,nuc_lc,Gwa,10.4343607305936
MESSAGEix,none,Ontario,oil_exp,Gwa,9.653400868491216
MESSAGEix,none,Ontario,oil_extr_1,Gwa,1.009118848995159
MESSAGEix,none,Ontario,oil_extr_2,Gwa,6.6639923990246315
MESSAGEix,none,Ontario,oil_extr_3,Gwa,2.0121151754820445
MESSAGEix,none,Ontario,oil_extr_4,Gwa,6.745414701431348
MESSAGEix,none,Ontario,oil_extr_mpen,Gwa,16.430641124933214
MESSAGEix,none,Ontario,oil_imp,Gwa,3.2295485402634307
MESSAGEix,none,Ontario,ref_hil,Gwa,4.787696706352728
MESSAGEix,none,Ontario,ref_lol,Gwa,30.36512733159901
MESSAGEix,none,Ontario,solar_pv_ppl,Gwa,0.342579908675799
MESSAGEix,none,Ontario,solar_rc,Gwa,0.020863541501193475
MESSAGEix,none,Ontario,sp_el_I,Gwa,4.95180115579909
MESSAGEix,none,Ontario,sp_el_RC,Gwa,10.8453831410502
MESSAGEix,none,Ontario,wind_ppl,Gwa,1.16438356164384
MESSAGEix,none,PrinceEdwardIsland,bio_ppl,Gwa,0.00045662100456621
MESSAGEix,none,PrinceEdwardIsland,biomass_i,Gwa,0.0016325387721963698
MESSAGEix,none,PrinceEdwardIsland,biomass_nc,Gwa,0.0012739122513447253
MESSAGEix,none,PrinceEdwardIsland,biomass_rc,Gwa,0.05703855806525211
MESSAGEix,none,PrinceEdwardIsland,biomass_t_d,Gwa,0.003675222589015077
MESSAGEix,none,PrinceEdwardIsland,coal_exp,Gwa,0.0
MESSAGEix,none,PrinceEdwardIsland,coal_extr,Gwa,0.0
MESSAGEix,none,PrinceEdwardIsland,coal_extr_mpen,Gwa,0.0
MESSAGEix,none,PrinceEdwardIsland,coal_fs,Gwa,0.0
MESSAGEix,none,PrinceEdwardIsland,coal_i,Gwa,0.0
MESSAGEix,none,PrinceEdwardIsland,coal_imp,Gwa,0.0
MESSAGEix,none,PrinceEdwardIsland,coal_ppl,Gwa,0.0
MESSAGEix,none,PrinceEdwardIsland,coal_rc,Gwa,0.0066932594058636274
MESSAGEix,none,PrinceEdwardIsland,coal_t_d,Gwa,0.0
MESSAGEix,none,PrinceEdwardIsland,elec_exp,Gwa,0.0
MESSAGEix,none,PrinceEdwardIsland,elec_i,Gwa,0.0
MESSAGEix,none,PrinceEdwardIsland,elec_imp,Gwa,0.0
MESSAGEix,none,PrinceEdwardIsland,elec_t_d,Gwa,0.0
MESSAGEix,none,PrinceEdwardIsland,elec_trp,Gwa,0.0
MESSAGEix,none,PrinceEdwardIsland,eth_bio,Gwa,0.004372844378518779
MESSAGEix,none,PrinceEdwardIsland,eth_exp,Gwa,0.0007294025841669748
MESSAGEix,none,PrinceEdwardIsland,eth_ic_trp,Gwa,0.007016073163737494
MESSAGEix,none,PrinceEdwardIsland,eth_imp,Gwa,0.0033723337755120998
MESSAGEix,none,PrinceEdwardIsland,foil_exp,Gwa,0.0016862167439277887
MESSAGEix,none,PrinceEdwardIsland,foil_fs,Gwa,0.0011509856502482986
MESSAGEix,none,PrinceEdwardIsland,foil_i,Gwa,0.0002671824919532783
MESSAGEix,none,PrinceEdwardIsland,foil_imp,Gwa,0.000950741070746036
MESSAGEix,none,PrinceEdwardIsland,foil_ppl,Gwa,8.90705365300295e-05
MESSAGEix,none,PrinceEdwardIsland,foil_rc,Gwa,0.06906244914121859
MESSAGEix,none,PrinceEdwardIsland,foil_t_d,Gwa,0.0018093436398123612
MESSAGEix,none,PrinceEdwardIsland,foil_trp,Gwa,0.000317097922374429
MESSAGEix,none,PrinceEdwardIsland,gas_cc,Gwa,0.0
MESSAGEix,none,PrinceEdwardIsland,gas_ct,Gwa,0.0
MESSAGEix,none,PrinceEdwardIsland,gas_exp,Gwa,0.0
MESSAGEix,none,PrinceEdwardIsland,gas_extr_1,Gwa,0.0
MESSAGEix,none,PrinceEdwardIsland,gas_extr_2,Gwa,0.0
MESSAGEix,none,PrinceEdwardIsland,gas_extr_mpen,Gwa,0.0
MESSAGEix,none,PrinceEdwardIsland,gas_fs,Gwa,0.0
MESSAGEix,none,PrinceEdwardIsland,gas_i,Gwa,0.0
MESSAGEix,none,PrinceEdwardIsland,gas_imp,Gwa,0.0
MESSAGEix,none,PrinceEdwardIsland,gas_ppl,Gwa,0.0
MESSAGEix,none,PrinceEdwardIsland,gas_rc,Gwa,0.008895042052210403
MESSAGEix,none,PrinceEdwardIsland,gas_t_d,Gwa,0.0
MESSAGEix,none,PrinceEdwardIsland,gas_trp,Gwa,0.0
MESSAGEix,none,PrinceEdwardIsland,heat_i,Gwa,0.0023867028661848787
MESSAGEix,none,PrinceEdwardIsland,heat_rc,Gwa,0.00012379905141308097
MESSAGEix,none,PrinceEdwardIsland,heat_t_d,Gwa,0.0025105019175979595
MESSAGEix,none,PrinceEdwardIsland,hydro_lc,Gwa,0.0
MESSAGEix,none,PrinceEdwardIsland,land_use_biomass,Gwa,0.03420912377526155
MESSAGEix,none,PrinceEdwardIsland,landfill_ele,Gwa,9.01709436975085e-05
MESSAGEix,none,PrinceEdwardIsland,loil_exp,Gwa,0.01632567429992927
MESSAGEix,none,PrinceEdwardIsland,loil_fs,Gwa,0.003764459517078866
MESSAGEix,none,PrinceEdwardIsland,loil_i,Gwa,0.000989072614696729
MESSAGEix,none,PrinceEdwardIsland,loil_imp,Gwa,0.0028848631776809516
MESSAGEix,none,PrinceEdwardIsland,loil_ppl,Gwa,2.50845890411942e-05
MESSAGEix,none,PrinceEdwardIsland,loil_rc,Gwa,0.0024097401022430574
MESSAGEix,none,PrinceEdwardIsland,loil_t_d,Gwa,0.022566658612710233
MESSAGEix,none,PrinceEdwardIsland,loil_trp,Gwa,0.349124812534247
MESSAGEix,none,PrinceEdwardIsland,nuc_lc,Gwa,0.0
MESSAGEix,none,PrinceEdwardIsland,oil_exp,Gwa,0.040758443181336555
MESSAGEix,none,PrinceEdwardIsland,oil_extr_1,Gwa,0.004260686345703717
MESSAGEix,none,PrinceEdwardIsland,oil_extr_2,Gwa,0.028136607943326418
MESSAGEix,none,PrinceEdwardIsland,oil_extr_3,Gwa,0.008495522269449466
MESSAGEix,none,PrinceEdwardIsland,oil_extr_4,Gwa,0.028480387957390666
MESSAGEix,none,PrinceEdwardIsland,oil_extr_mpen,Gwa,0.0693732045158704
MESSAGEix,none,PrinceEdwardIsland,oil_imp,Gwa,0.013635751013856823
MESSAGEix,none,PrinceEdwardIsland,ref_hil,Gwa,0.03810630032534181
MESSAGEix,none,PrinceEdwardIsland,ref_lol,Gwa,0.2416825318069571
MESSAGEix,none,PrinceEdwardIsland,solar_pv_ppl,Gwa,0.0
MESSAGEix,none,PrinceEdwardIsland,solar_rc,Gwa,0.00016605738146273843
MESSAGEix,none,PrinceEdwardIsland,sp_el_I,Gwa,0.080542872283105
MESSAGEix,none,PrinceEdwardIsland,sp_el_RC,Gwa,0.107179097762557
MESSAGEix,none,PrinceEdwardIsland,wind_ppl,Gwa,0.067009132420091
MESSAGEix,none,Quebec,bio_ppl,Gwa,0.234349086757991
MESSAGEix,none,Quebec,biomass_i,Gwa,0.8378588950910965
MESSAGEix,none,Quebec,biomass_nc,Gwa,0.6538029782402713
MESSAGEix,none,Quebec,biomass_rc,Gwa,2.48434608461987
MESSAGEix,none,Quebec,biomass_t_d,Gwa,1.8862142756359697
MESSAGEix,none,Quebec,coal_exp,Gwa,0.0
MESSAGEix,none,Quebec,coal_extr,Gwa,0.0
MESSAGEix,none,Quebec,coal_extr_mpen,Gwa,0.0
MESSAGEix,none,Quebec,coal_fs,Gwa,0.0
MESSAGEix,none,Quebec,coal_i,Gwa,0.0
MESSAGEix,none,Quebec,coal_imp,Gwa,0.0
MESSAGEix,none,Quebec,coal_ppl,Gwa,0.0
MESSAGEix,none,Quebec,coal_rc,Gwa,0.17428448297715923
MESSAGEix,none,Quebec,coal_t_d,Gwa,0.0
MESSAGEix,none,Quebec,elec_exp,Gwa,2.65559360730594
MESSAGEix,none,Quebec,elec_i,Gwa,0.37446254960662856
MESSAGEix,none,Quebec,elec_imp,Gwa,0.0308219178082192
MESSAGEix,none,Quebec,elec_t_d,Gwa,22.62469110673951
MESSAGEix,none,Quebec,elec_trp,Gwa,0.056126332260274
MESSAGEix,none,Quebec,eth_bio,Gwa,0.2796361983491533
MESSAGEix,none,Quebec,eth_exp,Gwa,0.04664409433467911
MESSAGEix,none,Quebec,eth_ic_trp,Gwa,0.44866632722741523
MESSAGEix,none,Quebec,eth_imp,Gwa,0.2156551925746975
MESSAGEix,none,Quebec,foil_exp,Gwa,0.8739661383743521
MESSAGEix,none,Quebec,foil_fs,Gwa,0.5965558625213582
MESSAGEix,none,Quebec,foil_i,Gwa,0.1384806855788421
MESSAGEix,none,Quebec,foil_imp,Gwa,0.4927690969657417
MESSAGEix,none,Quebec,foil_ppl,Gwa,0.0461652590833336
MESSAGEix,none,Quebec,foil_rc,Gwa,0.5989048596851472
MESSAGEix,none,Quebec,foil_t_d,Gwa,0.9377828085110765
MESSAGEix,none,Quebec,foil_trp,Gwa,0.276794776440639
MESSAGEix,none,Quebec,gas_cc,Gwa,0.2
MESSAGEix,none,Quebec,gas_ct,Gwa,0.36
MESSAGEix,none,Quebec,gas_exp,Gwa,0.1104293951554206
MESSAGEix,none,Quebec,gas_extr_1,Gwa,0.11276675331864582
MESSAGEix,none,Quebec,gas_extr_2,Gwa,0.19796155227835327
MESSAGEix,none,Quebec,gas_extr_mpen,Gwa,0.31072830559699804
MESSAGEix,none,Quebec,gas_fs,Gwa,0.0072391644519761164
MESSAGEix,none,Quebec,gas_i,Gwa,0.02542416012408231
MESSAGEix,none,Quebec,gas_imp,Gwa,0.03696788459689795
MESSAGEix,none,Quebec,gas_ppl,Gwa,0.011415525114155
MESSAGEix,none,Quebec,gas_rc,Gwa,2.560397495373539
MESSAGEix,none,Quebec,gas_t_d,Gwa,0.09712172473429495
MESSAGEix,none,Quebec,gas_trp,Gwa,0.0453450028995434
MESSAGEix,none,Quebec,heat_i,Gwa,0.1526257187124139
MESSAGEix,none,Quebec,heat_rc,Gwa,0.00791674550927234
MESSAGEix,none,Quebec,heat_t_d,Gwa,0.16054246422168622
MESSAGEix,none,Quebec,hydro_lc,Gwa,22.2077625570776
MESSAGEix,none,Quebec,land_use_biomass,Gwa,2.1876171419139596
MESSAGEix,none,Quebec,landfill_ele,Gwa,0.005766283387763267
MESSAGEix,none,Quebec,loil_exp,Gwa,8.461596989620242
MESSAGEix,none,Quebec,loil_fs,Gwa,1.9511193676943446
MESSAGEix,none,Quebec,loil_i,Gwa,0.5126363361953095
MESSAGEix,none,Quebec,loil_imp,Gwa,1.4952245849861885
MESSAGEix,none,Quebec,loil_ppl,Gwa,0.0130013425000001
MESSAGEix,none,Quebec,loil_rc,Gwa,1.2489682949876915
MESSAGEix,none,Quebec,loil_t_d,Gwa,11.696299158921965
MESSAGEix,none,Quebec,loil_trp,Gwa,13.3060630186758
MESSAGEix,none,Quebec,nuc_lc,Gwa,0.0
MESSAGEix,none,Quebec,oil_exp,Gwa,21.125101100804052
MESSAGEix,none,Quebec,oil_extr_1,Gwa,2.208313732969593
MESSAGEix,none,Quebec,oil_extr_2,Gwa,14.583203896969005
MESSAGEix,none,Quebec,oil_extr_3,Gwa,4.403229192238424
MESSAGEix,none,Quebec,oil_extr_4,Gwa,14.761385078257806
MESSAGEix,none,Quebec,oil_extr_mpen,Gwa,35.95613190043489
MESSAGEix,none,Quebec,oil_imp,Gwa,7.067409750454329
MESSAGEix,none,Quebec,ref_hil,Gwa,2.4368351657964054
MESSAGEix,none,Quebec,ref_lol,Gwa,15.45519999154152
MESSAGEix,none,Quebec,solar_pv_ppl,Gwa,0.0
MESSAGEix,none,Quebec,solar_rc,Gwa,0.010619096139841265
MESSAGEix,none,Quebec,sp_el_I,Gwa,9.54718424684931
MESSAGEix,none,Quebec,sp_el_RC,Gwa,10.3659310824201
MESSAGEix,none,Quebec,wind_ppl,Gwa,1.0203196347032
MESSAGEix,none,Saskatchewan,bio_ppl,Gwa,0.0
MESSAGEix,none,Saskatchewan,biomass_i,Gwa,0.0
MESSAGEix,none,Saskatchewan,biomass_nc,Gwa,0.0
MESSAGEix,none,Saskatchewan,biomass_rc,Gwa,0.047532131721043425
MESSAGEix,none,Saskatchewan,biomass_t_d,Gwa,0.0
MESSAGEix,none,Saskatchewan,coal_exp,Gwa,4.997170547705474
MESSAGEix,none,Saskatchewan,coal_extr,Gwa,8.945154907847552
MESSAGEix,none,Saskatchewan,coal_extr_mpen,Gwa,8.945154907847552
MESSAGEix,none,Saskatchewan,coal_fs,Gwa,0.015622497471824509
MESSAGEix,none,Saskatchewan,coal_i,Gwa,0.2822240500878219
MESSAGEix,none,Saskatchewan,coal_imp,Gwa,1.401258637964427
MESSAGEix,none,Saskatchewan,coal_ppl,Gwa,1.46929223744292
MESSAGEix,none,Saskatchewan,coal_rc,Gwa,0.03168808781402895
MESSAGEix,none,Saskatchewan,coal_t_d,Gwa,0.4079988181557122
MESSAGEix,none,Saskatchewan,elec_exp,Gwa,0.00205479452054794
MESSAGEix,none,Saskatchewan,elec_i,Gwa,0.000289744482350483
MESSAGEix,none,Saskatchewan,elec_imp,Gwa,0.00148401826484018
MESSAGEix,none,Saskatchewan,elec_t_d,Gwa,0.017506101531243157
MESSAGEix,none,Saskatchewan,elec_trp,Gwa,0.0
MESSAGEix,none,Saskatchewan,eth_bio,Gwa,0.0637146919568164
MESSAGEix,none,Saskatchewan,eth_exp,Gwa,0.010627787531384034
MESSAGEix,none,Saskatchewan,eth_ic_trp,Gwa,0.10222795546303956
MESSAGEix,none,Saskatchewan,eth_imp,Gwa,0.049136714934983214
MESSAGEix,none,Saskatchewan,foil_exp,Gwa,0.026979467902741215
MESSAGEix,none,Saskatchewan,foil_fs,Gwa,0.018415770403902194
MESSAGEix,none,Saskatchewan,foil_i,Gwa,0.004274919871236068
MESSAGEix,none,Saskatchewan,foil_imp,Gwa,0.015211857131878274
MESSAGEix,none,Saskatchewan,foil_ppl,Gwa,0.00142512858447501
MESSAGEix,none,Saskatchewan,foil_rc,Gwa,0.009506426344208686
MESSAGEix,none,Saskatchewan,foil_t_d,Gwa,0.02894949823688683
MESSAGEix,none,Saskatchewan,foil_trp,Gwa,0.0
MESSAGEix,none,Saskatchewan,gas_cc,Gwa,0.44845
MESSAGEix,none,Saskatchewan,gas_ct,Gwa,1.0585
MESSAGEix,none,Saskatchewan,gas_exp,Gwa,7.175702097199387
MESSAGEix,none,Saskatchewan,gas_extr_1,Gwa,7.327583630645764
MESSAGEix,none,Saskatchewan,gas_extr_2,Gwa,12.863541667047674
MESSAGEix,none,Saskatchewan,gas_extr_mpen,Gwa,20.191125297693368
MESSAGEix,none,Saskatchewan,gas_fs,Gwa,0.47040090608941826
MESSAGEix,none,Saskatchewan,gas_i,Gwa,1.6520619248629045
MESSAGEix,none,Saskatchewan,gas_imp,Gwa,2.4021731411064806
MESSAGEix,none,Saskatchewan,gas_ppl,Gwa,0.741780821917808
MESSAGEix,none,Saskatchewan,gas_rc,Gwa,1.4132887165056913
MESSAGEix,none,Saskatchewan,gas_t_d,Gwa,6.310969673234623
MESSAGEix,none,Saskatchewan,gas_trp,Gwa,0.000634195844748858
MESSAGEix,none,Saskatchewan,heat_i,Gwa,0.034775543044349225
MESSAGEix,none,Saskatchewan,heat_rc,Gwa,0.0018038186915772165
MESSAGEix,none,Saskatchewan,heat_t_d,Gwa,0.03657936173592644
MESSAGEix,none,Saskatchewan,hydro_lc,Gwa,0.391022602739726
MESSAGEix,none,Saskatchewan,land_use_biomass,Gwa,0.49844531265750225
MESSAGEix,none,Saskatchewan,landfill_ele,Gwa,0.0013138390950670593
MESSAGEix,none,Saskatchewan,loil_exp,Gwa,0.2612107887978672
MESSAGEix,none,Saskatchewan,loil_fs,Gwa,0.060231352273031016
MESSAGEix,none,Saskatchewan,loil_i,Gwa,0.01582516183508701
MESSAGEix,none,Saskatchewan,loil_imp,Gwa,0.046157810842718326
MESSAGEix,none,Saskatchewan,loil_ppl,Gwa,0.000401353424657569
MESSAGEix,none,Saskatchewan,loil_rc,Gwa,0.03855584163574115
MESSAGEix,none,Saskatchewan,loil_t_d,Gwa,0.36106653780198
MESSAGEix,none,Saskatchewan,loil_trp,Gwa,4.06043889600457
MESSAGEix,none,Saskatchewan,nuc_lc,Gwa,0.0
MESSAGEix,none,Saskatchewan,oil_exp,Gwa,0.6521350908988854
MESSAGEix,none,Saskatchewan,oil_extr_1,Gwa,0.0681709815309982
MESSAGEix,none,Saskatchewan,oil_extr_2,Gwa,0.45018572709149735
MESSAGEix,none,Saskatchewan,oil_extr_3,Gwa,0.1359283563106705
MESSAGEix,none,Saskatchewan,oil_extr_4,Gwa,0.45568620731650417
MESSAGEix,none,Saskatchewan,oil_extr_mpen,Gwa,1.1099712722496722
MESSAGEix,none,Saskatchewan,oil_imp,Gwa,0.218172016220873
MESSAGEix,none,Saskatchewan,ref_hil,Gwa,0.555229268795864
MESSAGEix,none,Saskatchewan,ref_lol,Gwa,3.521444335194885
MESSAGEix,none,Saskatchewan,solar_pv_ppl,Gwa,0.0
MESSAGEix,none,Saskatchewan,solar_rc,Gwa,0.002419545264182901
MESSAGEix,none,Saskatchewan,sp_el_I,Gwa,1.31785896538813
MESSAGEix,none,Saskatchewan,sp_el_RC,Gwa,1.12791730988584
MESSAGEix,none,Saskatchewan,wind_ppl,Gwa,0.078082191780822
MESSAGEix,none,Yukon,bio_ppl,Gwa,0.0
MESSAGEix,none,Yukon,biomass_i,Gwa,0.0
MESSAGEix,none,Yukon,biomass_nc,Gwa,0.0
MESSAGEix,none,Yukon,biomass_rc,Gwa,0.0
MESSAGEix,none,Yukon,biomass_t_d,Gwa,0.0
MESSAGEix,none,Yukon,coal_exp,Gwa,0.0
MESSAGEix,none,Yukon,coal_extr,Gwa,0.0
MESSAGEix,none,Yukon,coal_extr_mpen,Gwa,0.0
MESSAGEix,none,Yukon,coal_fs,Gwa,0.0
MESSAGEix,none,Yukon,coal_i,Gwa,0.0
MESSAGEix,none,Yukon,coal_imp,Gwa,0.0
MESSAGEix,none,Yukon,coal_ppl,Gwa,0.0
MESSAGEix,none,Yukon,coal_rc,Gwa,0.0
MESSAGEix,none,Yukon,coal_t_d,Gwa,0.0
MESSAGEix,none,Yukon,elec_exp,Gwa,0.0
MESSAGEix,none,Yukon,elec_i,Gwa,0.0
MESSAGEix,none,Yukon,elec_imp,Gwa,0.0
MESSAGEix,none,Yukon,elec_t_d,Gwa,0.0
MESSAGEix,none,Yukon,elec_trp,Gwa,0.0
MESSAGEix,none,Yukon,eth_bio,Gwa,0.0018256814744977018
MESSAGEix,none,Yukon,eth_exp,Gwa,0.00030452873921286695
MESSAGEix,none,Yukon,eth_ic_trp,Gwa,0.0029292409447909226
MESSAGEix,none,Yukon,eth_imp,Gwa,0.0014079639627744625
MESSAGEix,none,Yukon,foil_exp,Gwa,0.03492492120009793
MESSAGEix,none,Yukon,foil_fs,Gwa,0.023839214787850997
MESSAGEix,none,Yukon,foil_i,Gwa,0.005533883773315
MESSAGEix,none,Yukon,foil_imp,Gwa,0.0196917490572161
MESSAGEix,none,Yukon,foil_ppl,Gwa,0.00184482895260287
MESSAGEix,none,Yukon,foil_rc,Gwa,0.0
MESSAGEix,none,Yukon,foil_t_d,Gwa,0.03747512546764938
MESSAGEix,none,Yukon,foil_trp,Gwa,0.0
MESSAGEix,none,Yukon,gas_cc,Gwa,0.0
MESSAGEix,none,Yukon,gas_ct,Gwa,0.0
MESSAGEix,none,Yukon,gas_exp,Gwa,0.0
MESSAGEix,none,Yukon,gas_extr_1,Gwa,0.0
MESSAGEix,none,Yukon,gas_extr_2,Gwa,0.0
MESSAGEix,none,Yukon,gas_extr_mpen,Gwa,0.0
MESSAGEix,none,Yukon,gas_fs,Gwa,0.0
MESSAGEix,none,Yukon,gas_i,Gwa,0.0
MESSAGEix,none,Yukon,gas_imp,Gwa,0.0
MESSAGEix,none,Yukon,gas_ppl,Gwa,0.0
MESSAGEix,none,Yukon,gas_rc,Gwa,0.0
MESSAGEix,none,Yukon,gas_t_d,Gwa,0.0
MESSAGEix,none,Yukon,gas_trp,Gwa,0.0
MESSAGEix,none,Yukon,heat_i,Gwa,0.0009964587876324738
MESSAGEix,none,Yukon,heat_rc,Gwa,5.168664035599863e-05
MESSAGEix,none,Yukon,heat_t_d,Gwa,0.0010481454279884722
MESSAGEix,none,Yukon,hydro_lc,Gwa,0.048156278538813
MESSAGEix,none,Yukon,land_use_biomass,Gwa,0.014282457395945422
MESSAGEix,none,Yukon,landfill_ele,Gwa,3.7646759682374006e-05
MESSAGEix,none,Yukon,loil_exp,Gwa,0.33813736609883316
MESSAGEix,none,Yukon,loil_fs,Gwa,0.07796948551743728
MESSAGEix,none,Yukon,loil_i,Gwa,0.020485671995519778
MESSAGEix,none,Yukon,loil_imp,Gwa,0.05975128613589783
MESSAGEix,none,Yukon,loil_ppl,Gwa,0.000519552008219214
MESSAGEix,none,Yukon,loil_rc,Gwa,0.04991053699746605
MESSAGEix,none,Yukon,loil_t_d,Gwa,0.4674006331846549
MESSAGEix,none,Yukon,loil_trp,Gwa,0.131278539863014
MESSAGEix,none,Yukon,nuc_lc,Gwa,0.0
MESSAGEix,none,Yukon,oil_exp,Gwa,0.8441888751685933
MESSAGEix,none,Yukon,oil_extr_1,Gwa,0.08824733559187571
MESSAGEix,none,Yukon,oil_extr_2,Gwa,0.5827654237199337
MESSAGEix,none,Yukon,oil_extr_3,Gwa,0.17595925724416006
MESSAGEix,none,Yukon,oil_extr_4,Gwa,0.5898857953712049
MESSAGEix,none,Yukon,oil_extr_mpen,Gwa,1.4368578119271769
MESSAGEix,none,Yukon,oil_imp,Gwa,0.2824236749979155
MESSAGEix,none,Yukon,ref_hil,Gwa,0.015909545491117578
MESSAGEix,none,Yukon,ref_lol,Gwa,0.10090350418075557
MESSAGEix,none,Yukon,solar_pv_ppl,Gwa,0.0
MESSAGEix,none,Yukon,solar_rc,Gwa,6.932967624674816e-05
MESSAGEix,none,Yukon,sp_el_I,Gwa,0.00443937091324201
MESSAGEix,none,Yukon,sp_el_RC,Gwa,0.0409056319863014
MESSAGEix,none,Yukon,wind_ppl,Gwa,2.94178082191781e-05
